{
  "symbols": [
    "XRPUSDT"
  ],
  "interval_display": "15m",
  "ml_mtf_enabled": false,
  "hyperparams": {
    "training_days_15m": 30,
    "training_days_1h": 180,
    "forward_periods_15m": 5,
    "forward_periods_1h": 8,
    "threshold_pct_15m": 0.3,
    "threshold_pct_1h": 0.8,
    "min_profit_pct_15m": 0.3,
    "min_profit_pct_1h": 0.8,
    "rf_n_estimators": 120,
    "rf_max_depth": 10,
    "xgb_n_estimators": 140,
    "xgb_max_depth": 6,
    "xgb_learning_rate": 0.08
  },
  "rf_metrics": {
    "accuracy": 0.8197694725812085,
    "cv_mean": 0.3115303983228512,
    "cv_std": 0.01854368502096099,
    "classification_report": {
      "-1": {
        "precision": 0.7169663799843627,
        "recall": 0.9934994582881906,
        "f1-score": 0.8328792007266121,
        "support": 923.0
      },
      "0": {
        "precision": 0.9984076433121019,
        "recall": 0.5573333333333333,
        "f1-score": 0.7153451226468911,
        "support": 1125.0
      },
      "1": {
        "precision": 0.8399581589958159,
        "recall": 0.9852760736196319,
        "f1-score": 0.906832298136646,
        "support": 815.0
      },
      "accuracy": 0.8197694725812085,
      "macro avg": {
        "precision": 0.8517773940974268,
        "recall": 0.845369621747052,
        "f1-score": 0.8183522071700499,
        "support": 2863.0
      },
      "weighted avg": {
        "precision": 0.8625687974269198,
        "recall": 0.8197694725812085,
        "f1-score": 0.8077467999405455,
        "support": 2863.0
      }
    },
    "confusion_matrix": [
      [
        917,
        1,
        5
      ],
      [
        350,
        627,
        148
      ],
      [
        12,
        0,
        803
      ]
    ],
    "feature_importance": {
      "turnover": 0.016878121861856384,
      "sma_20": 0.02720554504330332,
      "sma_50": 0.029303603804480157,
      "ema_12": 0.026504677656025,
      "ema_26": 0.02632906247253606,
      "rsi": 0.020242980459193125,
      "atr": 0.036435452182823035,
      "atr_pct": 0.03334638728358997,
      "volume_sma_20": 0.03199730205060489,
      "volume_ratio": 0.01824027383419522,
      "bb_upper": 0.025577976464837025,
      "bb_middle": 0.02411005942012997,
      "bb_lower": 0.02613240487998774,
      "macd": 0.02613324301745781,
      "macd_signal": 0.03367806661889972,
      "adx": 0.03551957787260159,
      "di_plus": 0.022081728098697906,
      "di_minus": 0.02658487116137029,
      "adx_trend_up": 0.0026209675880495384,
      "price_change": 0.016637474754156868,
      "price_change_abs": 0.015167589273610678,
      "volatility_10": 0.02944250081064469,
      "realized_volatility_20": 0.035017297501006066,
      "momentum_3": 0.02122939974908569,
      "momentum_5": 0.02285758024665097,
      "momentum_10": 0.02497063361306757,
      "dist_to_sma20_pct": 0.02077871149611758,
      "dist_to_ema12_pct": 0.02278602982024053,
      "bb_position": 0.0204916199157789,
      "near_bb_upper": 0.000306318092065153,
      "near_bb_lower": 0.0005208770117191455,
      "rsi_oversold": 0.0005746595628449727,
      "rsi_overbought": 0.0006998742385156837,
      "ema12_above_ema26": 0.0023476367137748168,
      "ob_imbalance": 0.0,
      "ob_imbalance_5": 0.0,
      "ob_imbalance_20": 0.0,
      "hour": 0.021321055004928136,
      "day_of_week": 0.009559390666476836,
      "hour_sin": 0.017903404114581578,
      "hour_cos": 0.0204777538309728,
      "dow_sin": 0.012060993606373555,
      "dow_cos": 0.007474925918863631,
      "close_lag_1": 0.02575970918959401,
      "volume_lag_1": 0.018264526085176872,
      "price_change_lag_1": 0.01687176780023981,
      "close_lag_2": 0.026631457304356104,
      "volume_lag_2": 0.02307469268354282,
      "price_change_lag_2": 0.015968850302026223,
      "close_lag_3": 0.02573896053328439,
      "volume_lag_3": 0.019474825967732423,
      "price_change_lag_3": 0.016667182421932724
    }
  },
  "xgb_metrics": {
    "accuracy": 0.9657701711491442,
    "cv_mean": 0.34423480083857444,
    "cv_std": 0.044834332733176684,
    "classification_report": {
      "-1": {
        "precision": 0.9389002036659878,
        "recall": 0.9989165763813651,
        "f1-score": 0.967979002624672,
        "support": 923.0
      },
      "0": {
        "precision": 0.9990291262135922,
        "recall": 0.9146666666666666,
        "f1-score": 0.9549883990719258,
        "support": 1125.0
      },
      "1": {
        "precision": 0.9565217391304348,
        "recall": 0.9987730061349693,
        "f1-score": 0.9771908763505402,
        "support": 815.0
      },
      "accuracy": 0.9657701711491442,
      "macro avg": {
        "precision": 0.9648170230033383,
        "recall": 0.9707854163943338,
        "f1-score": 0.9667194260157127,
        "support": 2863.0
      },
      "weighted avg": {
        "precision": 0.9675437905572136,
        "recall": 0.9657701711491442,
        "f1-score": 0.965496728118819,
        "support": 2863.0
      }
    },
    "confusion_matrix": [
      [
        922,
        0,
        1
      ],
      [
        60,
        1029,
        36
      ],
      [
        0,
        1,
        814
      ]
    ],
    "feature_importance": {
      "turnover": "0.012895764",
      "sma_20": "0.02018889",
      "sma_50": "0.026772678",
      "ema_12": "0.022958038",
      "ema_26": "0.02785082",
      "rsi": "0.019891005",
      "atr": "0.025958927",
      "atr_pct": "0.03712708",
      "volume_sma_20": "0.023789356",
      "volume_ratio": "0.016879352",
      "bb_upper": "0.028063117",
      "bb_middle": "0.0",
      "bb_lower": "0.026890142",
      "macd": "0.024437226",
      "macd_signal": "0.029279508",
      "adx": "0.026629675",
      "di_plus": "0.025601987",
      "di_minus": "0.019006982",
      "adx_trend_up": "0.014209748",
      "price_change": "0.013722881",
      "price_change_abs": "0.014697465",
      "volatility_10": "0.021771027",
      "realized_volatility_20": "0.027540905",
      "momentum_3": "0.019938998",
      "momentum_5": "0.019039284",
      "momentum_10": "0.01921803",
      "dist_to_sma20_pct": "0.019994803",
      "dist_to_ema12_pct": "0.021533033",
      "bb_position": "0.021725388",
      "near_bb_upper": "0.0",
      "near_bb_lower": "0.0",
      "rsi_oversold": "0.0",
      "rsi_overbought": "0.0",
      "ema12_above_ema26": "0.0",
      "ob_imbalance": "0.0",
      "ob_imbalance_5": "0.0",
      "ob_imbalance_20": "0.0",
      "hour": "0.02647529",
      "day_of_week": "0.029968245",
      "hour_sin": "0.027474346",
      "hour_cos": "0.029657025",
      "dow_sin": "0.03623654",
      "dow_cos": "0.040529773",
      "close_lag_1": "0.032267034",
      "volume_lag_1": "0.017404059",
      "price_change_lag_1": "0.012296875",
      "close_lag_2": "0.037335698",
      "volume_lag_2": "0.018961115",
      "price_change_lag_2": "0.012488891",
      "close_lag_3": "0.022899847",
      "volume_lag_3": "0.015060684",
      "price_change_lag_3": "0.013332459"
    }
  },
  "ensemble_metrics": {
    "accuracy": 0.9427174292699965,
    "precision": 0.9478687632654749,
    "recall": 0.9427174292699965,
    "f1_score": 0.9418546881114997,
    "cv_mean": 0.3484276729559749,
    "cv_std": 0.05589902134758176,
    "cv_precision_mean": 0.37410766740351487,
    "cv_recall_mean": 0.3484276729559749,
    "cv_f1_mean": 0.3313567523026094,
    "classification_report": {
      "-1": {
        "precision": 0.8960155490767736,
        "recall": 0.9989165763813651,
        "f1-score": 0.944672131147541,
        "support": 923.0
      },
      "0": {
        "precision": 1.0,
        "recall": 0.8551111111111112,
        "f1-score": 0.9218974604695735,
        "support": 1125.0
      },
      "1": {
        "precision": 0.9346330275229358,
        "recall": 1.0,
        "f1-score": 0.966212211025489,
        "support": 815.0
      },
      "accuracy": 0.9427174292699965,
      "macro avg": {
        "precision": 0.9435495255332365,
        "recall": 0.951342562497492,