{
  "symbols": [
    "BTCUSDT"
  ],
  "interval_display": "15m",
  "ml_mtf_enabled": false,
  "hyperparams": {},
  "rf_metrics": {
    "accuracy": 0.8410434782608696,
    "cv_mean": 0.3824634655532359,
    "cv_std": 0.04770526211731637,
    "classification_report": {
      "-1": {
        "precision": 0.7226061204343535,
        "recall": 0.9959183673469387,
        "f1-score": 0.8375286041189931,
        "support": 735.0
      },
      "0": {
        "precision": 0.9969040247678018,
        "recall": 0.6812411847672779,
        "f1-score": 0.8093841642228738,
        "support": 1418.0
      },
      "1": {
        "precision": 0.8062709966405375,
        "recall": 0.997229916897507,
        "f1-score": 0.891640866873065,
        "support": 722.0
      },
      "accuracy": 0.8410434782608696,
      "macro avg": {
        "precision": 0.8419270472808975,
        "recall": 0.8914631563372412,
        "f1-score": 0.846184545071644,
        "support": 2875.0
      },
      "weighted avg": {
        "precision": 0.8789054139876386,
        "recall": 0.8410434782608696,
        "f1-score": 0.8372365129662079,
        "support": 2875.0
      }
    },
    "confusion_matrix": [
      [
        732,
        2,
        1
      ],
      [
        280,
        966,
        172
      ],
      [
        1,
        1,
        720
      ]
    ],
    "feature_importance": {
      "turnover": 0.015453207782636518,
      "sma_20": 0.0284959158035313,
      "sma_50": 0.03170140749390522,
      "ema_12": 0.027409140346093718,
      "ema_26": 0.027366035767536264,
      "rsi": 0.023703075947518793,
      "atr": 0.030447449577210555,
      "atr_pct": 0.03148212126518923,
      "volume_sma_20": 0.033348874501975996,
      "volume_ratio": 0.01743483913447957,
      "bb_upper": 0.02634219826985354,
      "bb_middle": 0.030415468865515535,
      "bb_lower": 0.029488631671986943,
      "macd": 0.03207514128250843,
      "macd_signal": 0.028594714765737352,
      "adx": 0.028763084615421333,
      "di_plus": 0.03179362457798344,
      "di_minus": 0.026438444303182696,
      "adx_trend_up": 0.003230288439356086,
      "price_change": 0.01483728631119622,
      "price_change_abs": 0.016800009320670294,
      "volatility_10": 0.02718398542485126,
      "realized_volatility_20": 0.033175751921347835,
      "momentum_3": 0.017367260349311683,
      "momentum_5": 0.020830680112038064,
      "momentum_10": 0.019944251184960602,
      "dist_to_sma20_pct": 0.025133638114667324,
      "dist_to_ema12_pct": 0.02195902025519795,
      "bb_position": 0.02214620132703474,
      "near_bb_upper": 2.6208584641230997e-05,
      "near_bb_lower": 7.424968595605007e-06,
      "rsi_oversold": 0.0007096133503476932,
      "rsi_overbought": 0.0004812541801490464,
      "ema12_above_ema26": 0.0022223240314796383,
      "ob_imbalance": 0.0,
      "ob_imbalance_5": 0.0,
      "ob_imbalance_20": 0.0,
      "hour": 0.020380052441092686,
      "day_of_week": 0.012705076195898796,
      "hour_sin": 0.023730528954556226,
      "hour_cos": 0.022270526240326126,
      "dow_sin": 0.01564454035037683,
      "dow_cos": 0.008006427712413824,
      "close_lag_1": 0.020779005158691487,
      "volume_lag_1": 0.018915368994950967,
      "price_change_lag_1": 0.015237872807691462,
      "close_lag_2": 0.022555784072150597,
      "volume_lag_2": 0.020540304350780744,
      "price_change_lag_2": 0.014411802027736129,
      "close_lag_3": 0.023487200821129664,
      "volume_lag_3": 0.020101516210739235,
      "price_change_lag_3": 0.01442541981335349
    }
  },
  "xgb_metrics": {
    "accuracy": 0.9332173913043478,
    "cv_mean": 0.40083507306889354,
    "cv_std": 0.04292714208759876,
    "classification_report": {
      "-1": {
        "precision": 0.875,
        "recall": 1.0,
        "f1-score": 0.9333333333333333,
        "support": 735.0
      },
      "0": {
        "precision": 0.999185667752443,
        "recall": 0.8653032440056417,
        "f1-score": 0.927437641723356,
        "support": 1418.0
      },
      "1": {
        "precision": 0.8934324659231723,
        "recall": 0.9986149584487535,
        "f1-score": 0.9431000654022237,
        "support": 722.0
      },
      "accuracy": 0.9332173913043478,
      "macro avg": {
        "precision": 0.9225393778918717,
        "recall": 0.9546394008181318,
        "f1-score": 0.9346236801529709,
        "support": 2875.0
      },
      "weighted avg": {
        "precision": 0.9408794842676502,
        "recall": 0.9332173913043478,
        "f1-score": 0.932878199368391,
        "support": 2875.0
      }
    },
    "confusion_matrix": [
      [
        735,
        0,
        0
      ],
      [
        105,
        1227,
        86
      ],
      [
        0,
        1,
        721
      ]
    ],
    "feature_importance": {
      "turnover": "0.014548726",
      "sma_20": "0.02163507",
      "sma_50": "0.027297467",
      "ema_12": "0.029603207",
      "ema_26": "0.040950462",
      "rsi": "0.021767985",
      "atr": "0.023052994",
      "atr_pct": "0.036472462",
      "volume_sma_20": "0.025012294",
      "volume_ratio": "0.0131615",
      "bb_upper": "0.02821347",
      "bb_middle": "0.0",
      "bb_lower": "0.032199107",
      "macd": "0.02779864",
      "macd_signal": "0.023720844",
      "adx": "0.022044046",
      "di_plus": "0.023425393",
      "di_minus": "0.022055127",
      "adx_trend_up": "0.031499222",
      "price_change": "0.0117326295",
      "price_change_abs": "0.013451131",
      "volatility_10": "0.02299439",
      "realized_volatility_20": "0.024366273",
      "momentum_3": "0.016826753",
      "momentum_5": "0.022702698",
      "momentum_10": "0.019093387",
      "dist_to_sma20_pct": "0.024979427",
      "dist_to_ema12_pct": "0.022929298",
      "bb_position": "0.017730575",
      "near_bb_upper": "0.0",
      "near_bb_lower": "0.0",
      "rsi_oversold": "0.0",
      "rsi_overbought": "0.0",
      "ema12_above_ema26": "0.0",
      "ob_imbalance": "0.0",
      "ob_imbalance_5": "0.0",
      "ob_imbalance_20": "0.0",
      "hour": "0.02643485",
      "day_of_week": "0.027679639",
      "hour_sin": "0.029014988",
      "hour_cos": "0.031897854",
      "dow_sin": "0.036308695",
      "dow_cos": "0.030061577",
      "close_lag_1": "0.01954142",
      "volume_lag_1": "0.016359173",
      "price_change_lag_1": "0.013028683",
      "close_lag_2": "0.028736023",
      "volume_lag_2": "0.0142648155",
      "price_change_lag_2": "0.01307622",
      "close_lag_3": "0.021981796",
      "volume_lag_3": "0.016524838",
      "price_change_lag_3": "0.013824913"
    }
  },
  "ensemble_metrics": {
    "accuracy": 0.9165217391304348,
    "precision": 0.9284625365725245,
    "recall": 0.9165217391304348,
    "f1_score": 0.9158810279214803,
    "cv_mean": 0.4104384133611691,
    "cv_std": 0.04423917314770992,
    "cv_precision_mean": 0.412149552388693,
    "cv_recall_mean": 0.4104384133611691,
    "cv_f1_mean": 0.3813816230536717,
    "classification_report": {
      "-1": {
        "precision": 0.8438576349024111,
        "recall": 1.0,
        "f1-score": 0.9153175591531756,
        "support": 735.0
      },
      "0": {
        "precision": 1.0,
        "recall": 0.8307475317348378,
        "f1-score": 0.9075500770416025,
        "support": 1418.0
      },
      "1": {
        "precision": 0.87409200968523,
        "recall": 1.0,
        "f1-score": 0.9328165374677002,
        "support": 722.0
      },
      "accuracy": 0.9165217391304348,
      "macro avg": {
        "precision": 0.905983214862547,
        "recall": 0.9435825105782794,
        "f1-score": 0.9185613912208263,
        "support": 2875.0
      },
      "weighted avg": {
        "precision": 0.9284625365725245,
        "recall": 0.9165217391304348,
        "f1-score": 0.9158810279214803,
        "support": 2875.0
      }
    },