{
  "symbols": [
    "BTCUSDT"
  ],
  "interval_display": "1h",
  "ml_mtf_enabled": false,
  "hyperparams": {},
  "rf_metrics": {
    "accuracy": 0.7597402597402597,
    "cv_mean": 0.456824512534819,
    "cv_std": 0.048575106504302315,
    "classification_report": {
      "-1": {
        "precision": 0.568271954674221,
        "recall": 0.9960278053624627,
        "f1-score": 0.7236652236652237,
        "support": 1007.0
      },
      "0": {
        "precision": 0.9985835694050992,
        "recall": 0.586522462562396,
        "f1-score": 0.7389937106918238,
        "support": 2404.0
      },
      "1": {
        "precision": 0.760352422907489,
        "recall": 0.9578246392896781,
        "f1-score": 0.8477406679764243,
        "support": 901.0
      },
      "accuracy": 0.7597402597402597,
      "macro avg": {
        "precision": 0.7757359823289365,
        "recall": 0.846791635738179,
        "f1-score": 0.770133200777824,
        "support": 4312.0
      },
      "weighted avg": {
        "precision": 0.8483122199087305,
        "recall": 0.7597402597402597,
        "f1-score": 0.7581368512478625,
        "support": 4312.0
      }
    },
    "confusion_matrix": [
      [
        1003,
        0,
        4
      ],
      [
        726,
        1410,
        268
      ],
      [
        36,
        2,
        863
      ]
    ],
    "feature_importance": {
      "turnover": 0.02168554243373327,
      "sma_20": 0.030705539294117044,
      "sma_50": 0.03458809383211055,
      "ema_12": 0.03870284221004468,
      "ema_26": 0.03846667008061135,
      "rsi": 0.021180328224967813,
      "atr": 0.03180661627879428,
      "atr_pct": 0.03286204893188163,
      "volume_sma_20": 0.025483975763870403,
      "volume_ratio": 0.016847649163418788,
      "bb_upper": 0.029268229907435574,
      "bb_middle": 0.031088942298772567,
      "bb_lower": 0.03561617384371438,
      "macd": 0.03493915441554019,
      "macd_signal": 0.025032615802879618,
      "adx": 0.029736247341777603,
      "di_plus": 0.031888006072953896,
      "di_minus": 0.030059150782744747,
      "adx_trend_up": 0.0014884940121487693,
      "price_change": 0.008723286208623927,
      "price_change_abs": 0.010487511616560512,
      "volatility_10": 0.029173132757023233,
      "realized_volatility_20": 0.030655180018610863,
      "momentum_3": 0.012795091197308199,
      "momentum_5": 0.015550201941936417,
      "momentum_10": 0.017570185995099432,
      "dist_to_sma20_pct": 0.01940588843933422,
      "dist_to_ema12_pct": 0.01672732464148573,
      "bb_position": 0.015483247017861967,
      "near_bb_upper": 0.0002362312980384451,
      "near_bb_lower": 0.00017012392264429392,
      "rsi_oversold": 0.0006003851344941346,
      "rsi_overbought": 0.000824063859682047,
      "ema12_above_ema26": 0.0040849728247958185,
      "ob_imbalance": 0.0,
      "ob_imbalance_5": 0.0,
      "ob_imbalance_20": 0.0,
      "hour": 0.019600692549344073,
      "day_of_week": 0.02421908720721265,
      "hour_sin": 0.010126356986613462,
      "hour_cos": 0.012081557828396839,
      "dow_sin": 0.031910056227864234,
      "dow_cos": 0.01339349930922717,
      "close_lag_1": 0.03196132623512901,
      "volume_lag_1": 0.017868012915600365,
      "price_change_lag_1": 0.009150058457505501,
      "close_lag_2": 0.0279492078213055,
      "volume_lag_2": 0.015299211531627048,
      "price_change_lag_2": 0.009307148201323619,
      "close_lag_3": 0.028243910811261205,
      "volume_lag_3": 0.015262123383741603,
      "price_change_lag_3": 0.00969460296883131
    }
  },
  "xgb_metrics": {
    "accuracy": 0.887291280148423,
    "cv_mean": 0.46935933147632314,
    "cv_std": 0.04564336938210011,
    "classification_report": {
      "-1": {
        "precision": 0.7804499612102405,
        "recall": 0.9990069513406157,
        "f1-score": 0.8763066202090593,
        "support": 1007.0
      },
      "0": {
        "precision": 1.0,
        "recall": 0.7990848585690515,
        "f1-score": 0.8883236994219653,
        "support": 2404.0
      },
      "1": {
        "precision": 0.8157894736842105,
        "recall": 0.9977802441731409,
        "f1-score": 0.8976535197204194,
        "support": 901.0
      },
      "accuracy": 0.887291280148423,
      "macro avg": {
        "precision": 0.8654131449648169,
        "recall": 0.931957351360936,
        "f1-score": 0.8874279464504813,
        "support": 4312.0
      },
      "weighted avg": {
        "precision": 0.9102364162171118,
        "recall": 0.887291280148423,
        "f1-score": 0.8874667813610911,
        "support": 4312.0
      }
    },
    "confusion_matrix": [
      [
        1006,
        0,
        1
      ],
      [
        281,
        1921,
        202
      ],
      [
        2,
        0,
        899
      ]
    ],
    "feature_importance": {
      "turnover": "0.0152521115",
      "sma_20": "0.029860387",
      "sma_50": "0.0349415",
      "ema_12": "0.048342448",
      "ema_26": "0.02746712",
      "rsi": "0.018345416",
      "atr": "0.017843435",
      "atr_pct": "0.026479587",
      "volume_sma_20": "0.020378215",
      "volume_ratio": "0.01389793",
      "bb_upper": "0.03357488",
      "bb_middle": "0.0",
      "bb_lower": "0.035081573",
      "macd": "0.028269844",
      "macd_signal": "0.020074345",
      "adx": "0.020315645",
      "di_plus": "0.027564058",
      "di_minus": "0.024211166",
      "adx_trend_up": "0.020659141",
      "price_change": "0.008069561",
      "price_change_abs": "0.010933567",
      "volatility_10": "0.022283453",
      "realized_volatility_20": "0.023095086",
      "momentum_3": "0.010061383",
      "momentum_5": "0.017848603",
      "momentum_10": "0.015117974",
      "dist_to_sma20_pct": "0.023552326",
      "dist_to_ema12_pct": "0.01180512",
      "bb_position": "0.015689453",
      "near_bb_upper": "0.043337606",
      "near_bb_lower": "0.0",
      "rsi_oversold": "0.0",
      "rsi_overbought": "0.0",
      "ema12_above_ema26": "0.031570673",
      "ob_imbalance": "0.0",
      "ob_imbalance_5": "0.0",
      "ob_imbalance_20": "0.0",
      "hour": "0.018503197",
      "day_of_week": "0.031867612",
      "hour_sin": "0.0125889415",
      "hour_cos": "0.021386422",
      "dow_sin": "0.046950296",
      "dow_cos": "0.029272236",
      "close_lag_1": "0.030427393",
      "volume_lag_1": "0.013530896",
      "price_change_lag_1": "0.008514376",
      "close_lag_2": "0.02303779",
      "volume_lag_2": "0.0129043665",
      "price_change_lag_2": "0.0074853012",
      "close_lag_3": "0.029651623",
      "volume_lag_3": "0.009922512",
      "price_change_lag_3": "0.00803349"
    }
  },
  "ensemble_metrics": {
    "accuracy": 0.8673469387755102,
    "precision": 0.8989933037969643,
    "recall": 0.8673469387755102,
    "f1_score": 0.8676062249434229,
    "cv_mean": 0.47715877437325904,
    "cv_std": 0.03619669712812316,
    "cv_precision_mean": 0.47676634190337586,
    "cv_recall_mean": 0.47715877437325904,
    "cv_f1_mean": 0.45001982343817026,
    "classification_report": {
      "-1": {
        "precision": 0.7284576393917451,
        "recall": 0.9990069513406157,
        "f1-score": 0.8425460636515912,
        "support": 1007.0
      },
      "0": {
        "precision": 1.0,
        "recall": 0.7637271214642263,
        "f1-score": 0.8660377358490566,
        "support": 2404.0
      },
      "1": {
        "precision": 0.8200913242009132,
        "recall": 0.9966703662597114,
        "f1-score": 0.8997995991983968,
        "support": 901.0
      },
      "accuracy": 0.8673469387755102,
      "macro avg": {
        "precision": 0.8495163211975528,
        "recall": 0.9198014796881845,
        "f1-score": 0.8694611328996816,
        "support": 4312.0
      },
      "weighted avg": {
        "precision": 0.8989933037969643,
        "recall": 0.8673469387755102,
        "f1-score": 0.8676062249434229,
        "support": 4312.0
      }
    },