{
  "symbols": [
    "BTCUSDT"
  ],
  "interval_display": "15m",
  "ml_mtf_enabled": false,
  "hyperparams": {},
  "rf_metrics": {
    "accuracy": 0.8396521739130435,
    "cv_mean": 0.4037578288100209,
    "cv_std": 0.05205995806390563,
    "classification_report": {
      "-1": {
        "precision": 0.6968541468064824,
        "recall": 0.9945578231292517,
        "f1-score": 0.8195067264573991,
        "support": 735.0
      },
      "0": {
        "precision": 0.9948875255623721,
        "recall": 0.6852112676056338,
        "f1-score": 0.8115095913261051,
        "support": 1420.0
      },
      "1": {
        "precision": 0.8372641509433962,
        "recall": 0.9861111111111112,
        "f1-score": 0.9056122448979592,
        "support": 720.0
      },
      "accuracy": 0.8396521739130435,
      "macro avg": {
        "precision": 0.8430019411040837,
        "recall": 0.8886267339486654,
        "f1-score": 0.8455428542271545,
        "support": 2875.0
      },
      "weighted avg": {
        "precision": 0.8792202688280272,
        "recall": 0.8396521739130435,
        "f1-score": 0.8371206538976654,
        "support": 2875.0
      }
    },
    "confusion_matrix": [
      [
        731,
        2,
        2
      ],
      [
        311,
        973,
        136
      ],
      [
        7,
        3,
        710
      ]
    ],
    "feature_importance": {
      "turnover": 0.018295567571169114,
      "sma_20": 0.026288147239075483,
      "sma_50": 0.030312476520097026,
      "ema_12": 0.025812740123614505,
      "ema_26": 0.028845141491402253,
      "rsi": 0.021526566239735454,
      "atr": 0.035985283640214714,
      "atr_pct": 0.03337181782959713,
      "volume_sma_20": 0.028948478522024274,
      "volume_ratio": 0.016861504084273962,
      "bb_upper": 0.027692029205939817,
      "bb_middle": 0.02830430122759104,
      "bb_lower": 0.032231929704541154,
      "macd": 0.03546739299918173,
      "macd_signal": 0.028898766010958137,
      "adx": 0.027498347311216094,
      "di_plus": 0.03201586361050627,
      "di_minus": 0.02790098080201747,
      "adx_trend_up": 0.0022578469016279797,
      "price_change": 0.016171476629745603,
      "price_change_abs": 0.016295003906114408,
      "volatility_10": 0.026193592810585746,
      "realized_volatility_20": 0.031148836942637526,
      "momentum_3": 0.01711031304702414,
      "momentum_5": 0.0224065060727294,
      "momentum_10": 0.021879209216812655,
      "dist_to_sma20_pct": 0.02660105159607169,
      "dist_to_ema12_pct": 0.021584005920032668,
      "bb_position": 0.020438577214457933,
      "near_bb_upper": 1.654264519928493e-05,
      "near_bb_lower": 2.181041786240799e-05,
      "rsi_oversold": 0.000788808876455804,
      "rsi_overbought": 0.0006680954713960121,
      "ema12_above_ema26": 0.001835304520997207,
      "ob_imbalance": 0.0,
      "ob_imbalance_5": 0.0,
      "ob_imbalance_20": 0.0,
      "hour": 0.020475988222056776,
      "day_of_week": 0.012498597489191148,
      "hour_sin": 0.026864456064299044,
      "hour_cos": 0.01954772058467826,
      "dow_sin": 0.014188867309873374,
      "dow_cos": 0.00723971131218429,
      "close_lag_1": 0.022847601532324558,
      "volume_lag_1": 0.01670346980480563,
      "price_change_lag_1": 0.015044796928807419,
      "close_lag_2": 0.02415358570929568,
      "volume_lag_2": 0.01755691622135393,
      "price_change_lag_2": 0.015900296578243687,
      "close_lag_3": 0.021206637439692436,
      "volume_lag_3": 0.01955765495325003,
      "price_change_lag_3": 0.014539383527037772
    }
  },
  "xgb_metrics": {
    "accuracy": 0.9342608695652174,
    "cv_mean": 0.4167014613778706,
    "cv_std": 0.048631804959017734,
    "classification_report": {
      "-1": {
        "precision": 0.8729216152019003,
        "recall": 1.0,
        "f1-score": 0.932149651236525,
        "support": 735.0
      },
      "0": {
        "precision": 1.0,
        "recall": 0.8669014084507042,
        "f1-score": 0.928706148623161,
        "support": 1420.0
      },
      "1": {
        "precision": 0.8977556109725686,
        "recall": 1.0,
        "f1-score": 0.9461235216819974,
        "support": 720.0
      },
      "accuracy": 0.9342608695652174,
      "macro avg": {
        "precision": 0.9235590753914896,
        "recall": 0.9556338028169015,
        "f1-score": 0.9356597738472278,
        "support": 2875.0
      },
      "weighted avg": {
        "precision": 0.9419065833299638,
        "recall": 0.9342608695652174,
        "f1-score": 0.933948403587747,
        "support": 2875.0
      }
    },
    "confusion_matrix": [
      [
        735,
        0,
        0
      ],
      [
        107,
        1231,
        82
      ],
      [
        0,
        0,
        720
      ]
    ],
    "feature_importance": {
      "turnover": "0.013677464",
      "sma_20": "0.021268517",
      "sma_50": "0.029004384",
      "ema_12": "0.028488824",
      "ema_26": "0.035761926",
      "rsi": "0.02114033",
      "atr": "0.021984639",
      "atr_pct": "0.033801112",
      "volume_sma_20": "0.025514465",
      "volume_ratio": "0.015066735",
      "bb_upper": "0.027620671",
      "bb_middle": "0.0",
      "bb_lower": "0.032621432",
      "macd": "0.026839899",
      "macd_signal": "0.023520947",
      "adx": "0.021006757",
      "di_plus": "0.025769092",
      "di_minus": "0.022731058",
      "adx_trend_up": "0.032240283",
      "price_change": "0.011350962",
      "price_change_abs": "0.012841436",
      "volatility_10": "0.023770966",
      "realized_volatility_20": "0.024688665",
      "momentum_3": "0.01764839",
      "momentum_5": "0.021721266",
      "momentum_10": "0.01899827",
      "dist_to_sma20_pct": "0.022714777",
      "dist_to_ema12_pct": "0.021871218",
      "bb_position": "0.017711084",
      "near_bb_upper": "0.0",
      "near_bb_lower": "0.0",
      "rsi_oversold": "0.0",
      "rsi_overbought": "0.0",
      "ema12_above_ema26": "0.0",
      "ob_imbalance": "0.0",
      "ob_imbalance_5": "0.0",
      "ob_imbalance_20": "0.0",
      "hour": "0.027915161",
      "day_of_week": "0.026340665",
      "hour_sin": "0.030143732",
      "hour_cos": "0.029410398",
      "dow_sin": "0.0338705",
      "dow_cos": "0.031815577",
      "close_lag_1": "0.023429824",
      "volume_lag_1": "0.015924517",
      "price_change_lag_1": "0.012952193",
      "close_lag_2": "0.03376324",
      "volume_lag_2": "0.01638901",
      "price_change_lag_2": "0.013215622",
      "close_lag_3": "0.024558505",
      "volume_lag_3": "0.015467448",
      "price_change_lag_3": "0.013428056"
    }
  },
  "ensemble_metrics": {
    "accuracy": 0.9217391304347826,
    "precision": 0.9325890835289826,
    "recall": 0.9217391304347826,
    "f1_score": 0.9212940168610451,
    "cv_mean": 0.4208768267223382,
    "cv_std": 0.05449771557080495,
    "cv_precision_mean": 0.4200278624494008,
    "cv_recall_mean": 0.4208768267223382,
    "cv_f1_mean": 0.3910825818416711,
    "classification_report": {
      "-1": {
        "precision": 0.8419243986254296,
        "recall": 1.0,
        "f1-score": 0.914179104477612,
        "support": 735.0
      },
      "0": {
        "precision": 1.0,
        "recall": 0.8415492957746479,
        "f1-score": 0.9139579349904398,
        "support": 1420.0
      },
      "1": {
        "precision": 0.8921933085501859,
        "recall": 1.0,
        "f1-score": 0.9430255402750491,
        "support": 720.0
      },
      "accuracy": 0.9217391304347826,
      "macro avg": {
        "precision": 0.9113725690585385,
        "recall": 0.9471830985915494,
        "f1-score": 0.923720859914367,
        "support": 2875.0
      },
      "weighted avg": {
        "precision": 0.9325890835289826,
        "recall": 0.9217391304347826,
        "f1-score": 0.9212940168610451,
        "support": 2875.0
      }
    },
    "confusion_matrix": [
      [
        735,
        0,
        0
      ],
      [
        138,
        1195,
        87
      ],
      [
        0,
        0,
        720
      ]
    ],