{
  "symbols": [
    "BNBUSDT"
  ],
  "interval_display": "15m",
  "ml_mtf_enabled": false,
  "rf_metrics": {
    "accuracy": 1.0,
    "cv_mean": 0.45031446540880504,
    "cv_std": 0.06243579388222633,
    "classification_report": {
      "-1": {
        "precision": 1.0,
        "recall": 1.0,
        "f1-score": 1.0,
        "support": 691.0
      },
      "0": {
        "precision": 1.0,
        "recall": 1.0,
        "f1-score": 1.0,
        "support": 1428.0
      },
      "1": {
        "precision": 1.0,
        "recall": 1.0,
        "f1-score": 1.0,
        "support": 744.0
      },
      "accuracy": 1.0,
      "macro avg": {
        "precision": 1.0,
        "recall": 1.0,
        "f1-score": 1.0,
        "support": 2863.0
      },
      "weighted avg": {
        "precision": 1.0,
        "recall": 1.0,
        "f1-score": 1.0,
        "support": 2863.0
      }
    },
    "confusion_matrix": [
      [
        691,
        0,
        0
      ],
      [
        0,
        1428,
        0
      ],
      [
        0,
        0,
        744
      ]
    ],
    "feature_importance": {
      "turnover": 0.02105327703180136,
      "sma_20": 0.02472911053227795,
      "sma_50": 0.02818532993231869,
      "ema_12": 0.02379249801973582,
      "ema_26": 0.02535063995045925,
      "rsi": 0.023373162320593374,
      "atr": 0.027919423716605406,
      "atr_pct": 0.029629272415182744,
      "volume_sma_20": 0.03166077365050958,
      "volume_ratio": 0.02063799149509859,
      "bb_upper": 0.024151922336248535,
      "bb_middle": 0.024133151270744495,
      "bb_lower": 0.030612610782026695,
      "macd": 0.02595313415640664,
      "macd_signal": 0.02684853873024911,
      "adx": 0.03174821296312443,
      "di_plus": 0.024121531514891274,
      "di_minus": 0.023356048739201874,
      "adx_trend_up": 0.001434761602368322,
      "price_change": 0.019561825997763398,
      "price_change_abs": 0.018313384719745165,
      "volatility_10": 0.03159657203625455,
      "realized_volatility_20": 0.03181780570176188,
      "momentum_3": 0.022953315870455578,
      "momentum_5": 0.02459346298492979,
      "momentum_10": 0.02700089341696915,
      "dist_to_sma20_pct": 0.024153349635063364,
      "dist_to_ema12_pct": 0.02285913802606927,
      "bb_position": 0.025874192711840997,
      "near_bb_upper": 1.203661132077364e-05,
      "near_bb_lower": 4.632337125076101e-05,
      "rsi_oversold": 0.0003901737304489662,
      "rsi_overbought": 0.0004423270513047436,
      "ema12_above_ema26": 0.0019688168506812997,
      "ob_imbalance": 0.0,
      "ob_imbalance_5": 0.0,
      "ob_imbalance_20": 0.0,
      "hour": 0.021862994998472707,
      "day_of_week": 0.012067316898182042,
      "hour_sin": 0.018268485775242548,
      "hour_cos": 0.02258135760143238,
      "dow_sin": 0.013884321083920162,
      "dow_cos": 0.007691353840760667,
      "close_lag_1": 0.018395250394572616,
      "volume_lag_1": 0.022053846748040413,
      "price_change_lag_1": 0.020360666612945316,
      "close_lag_2": 0.020685918290411436,
      "volume_lag_2": 0.020293506819321787,
      "price_change_lag_2": 0.020217735268863647,
      "close_lag_3": 0.02016941337256327,
      "volume_lag_3": 0.02124234497406559,
      "price_change_lag_3": 0.01995047744550169
    }
  },
  "xgb_metrics": {
    "accuracy": 0.9242053789731052,
    "cv_mean": 0.4050314465408805,
    "cv_std": 0.04709101268209371,
    "classification_report": {
      "-1": {
        "precision": 0.8396111786148238,
        "recall": 1.0,
        "f1-score": 0.9128137384412153,
        "support": 691.0
      },
      "0": {
        "precision": 0.9991755976916735,
        "recall": 0.8487394957983193,
        "f1-score": 0.9178341537296478,
        "support": 1428.0
      },
      "1": {
        "precision": 0.898428053204353,
        "recall": 0.9986559139784946,
        "f1-score": 0.9458943348185869,
        "support": 744.0
      },
      "accuracy": 0.9242053789731052,
      "macro avg": {
        "precision": 0.9124049431702835,
        "recall": 0.949131803258938,
        "f1-score": 0.92551407566315,
        "support": 2863.0
      },
      "weighted avg": {
        "precision": 0.9344829023788305,
        "recall": 0.9242053789731052,
        "f1-score": 0.9239143729981997,
        "support": 2863.0
      }
    },
    "confusion_matrix": [
      [
        691,
        0,
        0
      ],
      [
        132,
        1212,
        84
      ],
      [
        0,
        1,
        743
      ]
    ],
    "feature_importance": {
      "turnover": "0.016277393",
      "sma_20": "0.019271385",
      "sma_50": "0.028370112",
      "ema_12": "0.040838506",
      "ema_26": "0.029837029",
      "rsi": "0.02179025",
      "atr": "0.02104042",
      "atr_pct": "0.036908925",
      "volume_sma_20": "0.024144445",
      "volume_ratio": "0.01512167",
      "bb_upper": "0.02442123",
      "bb_middle": "0.0",
      "bb_lower": "0.033228178",
      "macd": "0.021447865",
      "macd_signal": "0.024079677",
      "adx": "0.026899645",
      "di_plus": "0.022799043",
      "di_minus": "0.018552188",
      "adx_trend_up": "0.025464553",
      "price_change": "0.015386748",
      "price_change_abs": "0.01653085",
      "volatility_10": "0.02614966",
      "realized_volatility_20": "0.025730763",
      "momentum_3": "0.018678777",
      "momentum_5": "0.02355008",
      "momentum_10": "0.02050784",
      "dist_to_sma20_pct": "0.01849584",
      "dist_to_ema12_pct": "0.021479918",
      "bb_position": "0.03254785",
      "near_bb_upper": "0.0",
      "near_bb_lower": "0.0",
      "rsi_oversold": "0.0",
      "rsi_overbought": "0.0",
      "ema12_above_ema26": "0.0",
      "ob_imbalance": "0.0",
      "ob_imbalance_5": "0.0",
      "ob_imbalance_20": "0.0",
      "hour": "0.025307808",
      "day_of_week": "0.030095285",
      "hour_sin": "0.025074974",
      "hour_cos": "0.030591585",
      "dow_sin": "0.031435993",
      "dow_cos": "0.027243065",
      "close_lag_1": "0.024727132",
      "volume_lag_1": "0.016727468",
      "price_change_lag_1": "0.0152203245",
      "close_lag_2": "0.024153283",
      "volume_lag_2": "0.014169941",
      "price_change_lag_2": "0.015460551",
      "close_lag_3": "0.020711416",
      "volume_lag_3": "0.015410279",
      "price_change_lag_3": "0.014119939"
    }
  },
  "ensemble_metrics": {
    "accuracy": 0.9151239958085924,
    "precision": 0.9279525377161695,
    "recall": 0.9151239958085924,
    "f1_score": 0.914755035235541,
    "cv_mean": 0.39958071278825996,
    "cv_std": 0.04933711839020715,
    "cv_precision_mean": 0.4043619793172101,
    "cv_recall_mean": 0.39958071278825996,
    "cv_f1_mean": 0.3825812395193864,
    "classification_report": {
      "-1": {
        "precision": 0.8224076281287247,
        "recall": 0.9985528219971056,
        "f1-score": 0.9019607843137255,
        "support": 691.0
      },
      "0": {
        "precision": 1.0,
        "recall": 0.8312324929971989,
        "f1-score": 0.9078393881453155,
        "support": 1428.0
      },
      "1": {
        "precision": 0.8876941457586619,
        "recall": 0.9986559139784946,
        "f1-score": 0.9399114484503479,
        "support": 744.0
      },
      "accuracy": 0.9151239958085924,
      "macro avg": {
        "precision": 0.9033672579624622,
        "recall": 0.942813742990933,
        "f1-score": 0.9165705403031296,
        "support": 2863.0
      },
      "weighted avg": {
        "precision": 0.9279525377161695,
        "recall": 0.9151239958085924,
        "f1-score": 0.914755035235541,
        "support": 2863.0
      }
    },
    "confusion_matrix": [
      [
        690,
        0,
        1
      ],
      [
        148,
        1187,
        93
      ],
      [
        1,
        0,
        743
      ]
    ],
    "rf_metrics": {
      "accuracy": 0.8564442892071253,
      "cv_mean": 0.3807127882599581,
      "cv_std": 0.05525371903427386,
      "classification_report": {
        "-1": {
          "precision": 0.7210031347962382,