{
  "symbols": [
    "BNBUSDT"
  ],
  "interval_display": "1h",
  "ml_mtf_enabled": false,
  "hyperparams": {
    "training_days_15m": 45,
    "training_days_1h": 180,
    "forward_periods_15m": 5,
    "forward_periods_1h": 8,
    "threshold_pct_15m": 0.24000000000000002,
    "threshold_pct_1h": 0.8,
    "min_profit_pct_15m": 0.25,
    "min_profit_pct_1h": 0.8,
    "rf_n_estimators": 160,
    "rf_max_depth": 12,
    "xgb_n_estimators": 180,
    "xgb_max_depth": 6,
    "xgb_learning_rate": 0.06999999999999999
  },
  "rf_metrics": {
    "accuracy": 0.927361336737062,
    "cv_mean": 0.403899721448468,
    "cv_std": 0.05466995175642159,
    "classification_report": {
      "-1": {
        "precision": 0.852017937219731,
        "recall": 0.9991235758106923,
        "f1-score": 0.9197256958450988,
        "support": 1141.0
      },
      "0": {
        "precision": 0.9994222992489891,
        "recall": 0.849705304518664,
        "f1-score": 0.9185027873639501,
        "support": 2036.0
      },
      "1": {
        "precision": 0.9080645161290323,
        "recall": 0.9946996466431095,
        "f1-score": 0.9494097807757167,
        "support": 1132.0
      },
      "accuracy": 0.927361336737062,
      "macro avg": {
        "precision": 0.9198349175325841,
        "recall": 0.9478428423241553,
        "f1-score": 0.9292127546615885,
        "support": 4309.0
      },
      "weighted avg": {
        "precision": 0.9363901833132325,
        "recall": 0.927361336737062,
        "f1-score": 0.9269460584521632,
        "support": 4309.0
      }
    },
    "confusion_matrix": [
      [
        1140,
        1,
        0
      ],
      [
        192,
        1730,
        114
      ],
      [
        6,
        0,
        1126
      ]
    ],
    "feature_importance": {
      "turnover": 0.01681395279072289,
      "sma_20": 0.028477543352744383,
      "sma_50": 0.03507285121514868,
      "ema_12": 0.028539653312789348,
      "ema_26": 0.028604215401698895,
      "rsi": 0.022405188587092225,
      "atr": 0.03379011340124692,
      "atr_pct": 0.04004120401035637,
      "volume_sma_20": 0.03936147679594008,
      "volume_ratio": 0.016412890695079674,
      "bb_upper": 0.030136472773409743,
      "bb_middle": 0.029355569302312944,
      "bb_lower": 0.032350358701908874,
      "macd": 0.03011348998037543,
      "macd_signal": 0.03249973378207012,
      "adx": 0.036445761461062445,
      "di_plus": 0.020722456832485858,
      "di_minus": 0.026503544069780026,
      "adx_trend_up": 0.002036426561364972,
      "price_change": 0.014440483374975754,
      "price_change_abs": 0.01331752947152216,
      "volatility_10": 0.024918250134899927,
      "realized_volatility_20": 0.03828611271257652,
      "momentum_3": 0.017910149217187532,
      "momentum_5": 0.019456352719764952,
      "momentum_10": 0.019113919325978626,
      "dist_to_sma20_pct": 0.019627044588841142,
      "dist_to_ema12_pct": 0.017571618939111525,
      "bb_position": 0.018843308500145962,
      "near_bb_upper": 0.0017051187036709505,
      "near_bb_lower": 0.0008914089671298708,
      "rsi_oversold": 0.001073522283392704,
      "rsi_overbought": 0.0004892113534901826,
      "ema12_above_ema26": 0.0015716905192711059,
      "ob_imbalance": 0.0,
      "ob_imbalance_5": 0.0,
      "ob_imbalance_20": 0.0,
      "hour": 0.020944642534958615,
      "day_of_week": 0.017474821656747408,
      "hour_sin": 0.016921456631652548,
      "hour_cos": 0.014587834947016168,
      "dow_sin": 0.018768941639119747,
      "dow_cos": 0.012044708127079928,
      "close_lag_1": 0.024401688153103472,
      "volume_lag_1": 0.018611665980559817,
      "price_change_lag_1": 0.012382696069659306,
      "close_lag_2": 0.02321745535654627,
      "volume_lag_2": 0.016443606020792877,
      "price_change_lag_2": 0.012781315208022165,
      "close_lag_3": 0.02327086784973125,
      "volume_lag_3": 0.016042901911531647,
      "price_change_lag_3": 0.013206774073930058
    }
  },
  "xgb_metrics": {
    "accuracy": 0.9510327222093293,
    "cv_mean": 0.42256267409470755,
    "cv_std": 0.06864811944623672,
    "classification_report": {
      "-1": {
        "precision": 0.9034045922406968,
        "recall": 1.0,
        "f1-score": 0.9492512479201332,
        "support": 1141.0
      },
      "0": {
        "precision": 1.0,
        "recall": 0.8968565815324165,
        "f1-score": 0.9456240290005179,
        "support": 2036.0
      },
      "1": {
        "precision": 0.9270491803278689,
        "recall": 0.9991166077738516,
        "f1-score": 0.9617346938775511,
        "support": 1132.0
      },
      "accuracy": 0.9510327222093293,
      "macro avg": {
        "precision": 0.9434845908561886,
        "recall": 0.9653243964354227,
        "f1-score": 0.9522033235994009,
        "support": 4309.0
      },
      "weighted avg": {
        "precision": 0.9552574406771369,
        "recall": 0.9510327222093293,
        "f1-score": 0.9508168647926002,
        "support": 4309.0
      }
    },
    "confusion_matrix": [
      [
        1141,
        0,
        0
      ],
      [
        121,
        1826,
        89
      ],
      [
        1,
        0,
        1131
      ]
    ],
    "feature_importance": {
      "turnover": "0.013461574",
      "sma_20": "0.023788681",
      "sma_50": "0.029260587",
      "ema_12": "0.024160936",
      "ema_26": "0.043335218",
      "rsi": "0.021248238",
      "atr": "0.022538222",
      "atr_pct": "0.04213077",
      "volume_sma_20": "0.024725247",
      "volume_ratio": "0.014362471",
      "bb_upper": "0.033224277",
      "bb_middle": "0.0",
      "bb_lower": "0.030206732",
      "macd": "0.023074772",
      "macd_signal": "0.028012887",
      "adx": "0.025894271",
      "di_plus": "0.020028591",
      "di_minus": "0.023276582",
      "adx_trend_up": "0.021835651",
      "price_change": "0.010957309",
      "price_change_abs": "0.011951809",
      "volatility_10": "0.019545162",
      "realized_volatility_20": "0.027155293",
      "momentum_3": "0.015171141",
      "momentum_5": "0.015487112",
      "momentum_10": "0.017282164",
      "dist_to_sma20_pct": "0.017847834",
      "dist_to_ema12_pct": "0.019819994",
      "bb_position": "0.016491313",
      "near_bb_upper": "0.023168989",
      "near_bb_lower": "0.015463681",
      "rsi_oversold": "0.0",
      "rsi_overbought": "0.0",
      "ema12_above_ema26": "0.0",
      "ob_imbalance": "0.0",
      "ob_imbalance_5": "0.0",
      "ob_imbalance_20": "0.0",
      "hour": "0.019738765",
      "day_of_week": "0.03588163",
      "hour_sin": "0.017552074",
      "hour_cos": "0.02003372",
      "dow_sin": "0.032767475",
      "dow_cos": "0.03109325",
      "close_lag_1": "0.033570856",
      "volume_lag_1": "0.014432412",
      "price_change_lag_1": "0.010547419",
      "close_lag_2": "0.03384712",
      "volume_lag_2": "0.015542239",
      "price_change_lag_2": "0.012171456",
      "close_lag_3": "0.023235988",
      "volume_lag_3": "0.014089484",
      "price_change_lag_3": "0.010588614"
    }
  },
  "ensemble_metrics": {
    "accuracy": 0.9505685773961476,
    "precision": 0.9548528542233254,
    "recall": 0.9505685773961476,
    "f1_score": 0.9503599293142774,
    "cv_mean": 0.42311977715877436,
    "cv_std": 0.06520367200521504,
    "cv_precision_mean": 0.42470051341667714,
    "cv_recall_mean": 0.42311977715877436,
    "cv_f1_mean": 0.3990663698624192,
    "classification_report": {
      "-1": {
        "precision": 0.9026898734177216,
        "recall": 1.0,
        "f1-score": 0.9488565488565489,
        "support": 1141.0
      },
      "0": {
        "precision": 1.0,
        "recall": 0.8963654223968566,
        "f1-score": 0.9453509453509453,
        "support": 2036.0
      },
      "1": {
        "precision": 0.9262295081967213,
        "recall": 0.9982332155477032,
        "f1-score": 0.9608843537414966,
        "support": 1132.0
      },
      "accuracy": 0.9505685773961476,
      "macro avg": {
        "precision": 0.9429731272048144,