{
  "symbols": [
    "BNBUSDT"
  ],
  "interval_display": "15m",
  "ml_mtf_enabled": false,
  "hyperparams": {
    "training_days_15m": 45,
    "training_days_1h": 180,
    "forward_periods_15m": 5,
    "forward_periods_1h": 8,
    "threshold_pct_15m": 0.24000000000000002,
    "threshold_pct_1h": 0.8,
    "min_profit_pct_15m": 0.25,
    "min_profit_pct_1h": 0.8,
    "rf_n_estimators": 160,
    "rf_max_depth": 12,
    "xgb_n_estimators": 180,
    "xgb_max_depth": 6,
    "xgb_learning_rate": 0.06999999999999999
  },
  "rf_metrics": {
    "accuracy": 0.9507320474087846,
    "cv_mean": 0.3389121338912134,
    "cv_std": 0.04085305025349179,
    "classification_report": {
      "-1": {
        "precision": 0.9053254437869822,
        "recall": 0.9992743105950653,
        "f1-score": 0.9499827526733357,
        "support": 1378.0
      },
      "0": {
        "precision": 1.0,
        "recall": 0.8707482993197279,
        "f1-score": 0.9309090909090909,
        "support": 1617.0
      },
      "1": {
        "precision": 0.950509461426492,
        "recall": 0.9984709480122325,
        "f1-score": 0.9739000745712155,
        "support": 1308.0
      },
      "accuracy": 0.9507320474087846,
      "macro avg": {
        "precision": 0.9519449684044914,
        "recall": 0.9561645193090085,
        "f1-score": 0.9515973060512141,
        "support": 4303.0
      },
      "weighted avg": {
        "precision": 0.9546374243746952,
        "recall": 0.9507320474087846,
        "f1-score": 0.9500854126709287,
        "support": 4303.0
      }
    },
    "confusion_matrix": [
      [
        1377,
        0,
        1
      ],
      [
        142,
        1408,
        67
      ],
      [
        2,
        0,
        1306
      ]
    ],
    "feature_importance": {
      "turnover": 0.01910869575582288,
      "sma_20": 0.025712741708471206,
      "sma_50": 0.0286570164666328,
      "ema_12": 0.02467304358785419,
      "ema_26": 0.0254324778253726,
      "rsi": 0.02217271917048384,
      "atr": 0.03327654274700761,
      "atr_pct": 0.03381913649820869,
      "volume_sma_20": 0.03315006435159631,
      "volume_ratio": 0.020230672713061854,
      "bb_upper": 0.028819404690203724,
      "bb_middle": 0.02501169431063468,
      "bb_lower": 0.02886839248940902,
      "macd": 0.026509906693591576,
      "macd_signal": 0.028618817120598276,
      "adx": 0.03230015277216891,
      "di_plus": 0.025295349003582126,
      "di_minus": 0.02321727287197412,
      "adx_trend_up": 0.0016752284432071688,
      "price_change": 0.01813217689676044,
      "price_change_abs": 0.017306994281615428,
      "volatility_10": 0.03296764853472277,
      "realized_volatility_20": 0.0342889979065204,
      "momentum_3": 0.018726255333692928,
      "momentum_5": 0.023612802840226457,
      "momentum_10": 0.024442905221755646,
      "dist_to_sma20_pct": 0.023824427205431185,
      "dist_to_ema12_pct": 0.022127429531849235,
      "bb_position": 0.022128899763916843,
      "near_bb_upper": 0.00022320290798079104,
      "near_bb_lower": 8.371320851779308e-05,
      "rsi_oversold": 0.0006119347005017813,
      "rsi_overbought": 0.0005365939044461228,
      "ema12_above_ema26": 0.0018557038494108082,
      "ob_imbalance": 0.0,
      "ob_imbalance_5": 0.0,
      "ob_imbalance_20": 0.0,
      "hour": 0.023949477385958515,
      "day_of_week": 0.011926218412997102,
      "hour_sin": 0.017783639626186874,
      "hour_cos": 0.020427859924468945,
      "dow_sin": 0.012540692292297605,
      "dow_cos": 0.009277363208982184,
      "close_lag_1": 0.020611067882301864,
      "volume_lag_1": 0.02276146775378408,
      "price_change_lag_1": 0.01650102864356611,
      "close_lag_2": 0.02148405980858546,
      "volume_lag_2": 0.01953521074409659,
      "price_change_lag_2": 0.01754682293478984,
      "close_lag_3": 0.020587112728338974,
      "volume_lag_3": 0.019900006069766173,
      "price_change_lag_3": 0.017748957276649546
    }
  },
  "xgb_metrics": {
    "accuracy": 0.9384150592609807,
    "cv_mean": 0.3528591352859135,
    "cv_std": 0.0349844621369331,
    "classification_report": {
      "-1": {
        "precision": 0.890330953926022,
        "recall": 0.9956458635703919,
        "f1-score": 0.9400479616306955,
        "support": 1378.0
      },
      "0": {
        "precision": 1.0,
        "recall": 0.8410636982065554,
        "f1-score": 0.9136714813570709,
        "support": 1617.0
      },
      "1": {
        "precision": 0.9315263908701854,
        "recall": 0.9984709480122325,
        "f1-score": 0.9638376383763838,
        "support": 1308.0
      },
      "accuracy": 0.9384150592609807,
      "macro avg": {
        "precision": 0.9406191149320691,
        "recall": 0.9450601699297265,
        "f1-score": 0.93918569378805,
        "support": 4303.0
      },
      "weighted avg": {
        "precision": 0.9440652042222313,
        "recall": 0.9384150592609807,
        "f1-score": 0.9373675360162194,
        "support": 4303.0
      }
    },
    "confusion_matrix": [
      [
        1372,
        0,
        6
      ],
      [
        167,
        1360,
        90
      ],
      [
        2,
        0,
        1306
      ]
    ],
    "feature_importance": {
      "turnover": "0.014209878",
      "sma_20": "0.021256898",
      "sma_50": "0.028129093",
      "ema_12": "0.038066",
      "ema_26": "0.026175385",
      "rsi": "0.019197704",
      "atr": "0.027744817",
      "atr_pct": "0.032038555",
      "volume_sma_20": "0.02426936",
      "volume_ratio": "0.016188662",
      "bb_upper": "0.03538018",
      "bb_middle": "0.0",
      "bb_lower": "0.033574328",
      "macd": "0.025837824",
      "macd_signal": "0.025675071",
      "adx": "0.025071796",
      "di_plus": "0.020422382",
      "di_minus": "0.01982736",
      "adx_trend_up": "0.014906711",
      "price_change": "0.0151507445",
      "price_change_abs": "0.01582902",
      "volatility_10": "0.024680067",
      "realized_volatility_20": "0.026214035",
      "momentum_3": "0.018954668",
      "momentum_5": "0.019424258",
      "momentum_10": "0.020549558",
      "dist_to_sma20_pct": "0.023837298",
      "dist_to_ema12_pct": "0.023539593",
      "bb_position": "0.021367244",
      "near_bb_upper": "0.0",
      "near_bb_lower": "0.004453565",
      "rsi_oversold": "0.0",
      "rsi_overbought": "0.0",
      "ema12_above_ema26": "0.0",
      "ob_imbalance": "0.0",
      "ob_imbalance_5": "0.0",
      "ob_imbalance_20": "0.0",
      "hour": "0.029540263",
      "day_of_week": "0.029425588",
      "hour_sin": "0.025276367",
      "hour_cos": "0.0312439",
      "dow_sin": "0.0262706",
      "dow_cos": "0.03615356",
      "close_lag_1": "0.021802327",
      "volume_lag_1": "0.018036349",
      "price_change_lag_1": "0.014521079",
      "close_lag_2": "0.020652624",
      "volume_lag_2": "0.016282484",
      "price_change_lag_2": "0.014978917",
      "close_lag_3": "0.023349857",
      "volume_lag_3": "0.01636965",
      "price_change_lag_3": "0.0141242845"
    }
  },
  "ensemble_metrics": {
    "accuracy": 0.9479432953753195,
    "precision": 0.9521255444596018,
    "recall": 0.9479432953753195,
    "f1_score": 0.9472336648602242,
    "cv_mean": 0.35760111576011155,
    "cv_std": 0.03925628765730158,
    "cv_precision_mean": 0.37892778998790544,
    "cv_recall_mean": 0.35760111576011155,
    "cv_f1_mean": 0.31707376947373256,
    "classification_report": {
      "-1": {
        "precision": 0.903353057199211,
        "recall": 0.9970972423802612,
        "f1-score": 0.9479130734736116,
        "support": 1378.0
      },
      "0": {
        "precision": 1.0,
        "recall": 0.865182436611008,
        "f1-score": 0.9277188328912467,
        "support": 1617.0
      },
      "1": {
        "precision": 0.9443239334779465,
        "recall": 0.9984709480122325,
        "f1-score": 0.970642883686362,
        "support": 1308.0
      },
      "accuracy": 0.9479432953753195,
      "macro avg": {
        "precision": 0.9492256635590525,