{
  "symbols": [
    "XRPUSDT"
  ],
  "interval_display": "1h",
  "ml_mtf_enabled": false,
  "hyperparams": {
    "training_days_15m": 45,
    "training_days_1h": 180,
    "forward_periods_15m": 5,
    "forward_periods_1h": 8,
    "threshold_pct_15m": 0.24000000000000002,
    "threshold_pct_1h": 0.8,
    "min_profit_pct_15m": 0.25,
    "min_profit_pct_1h": 0.8,
    "rf_n_estimators": 160,
    "rf_max_depth": 12,
    "xgb_n_estimators": 180,
    "xgb_max_depth": 6,
    "xgb_learning_rate": 0.06999999999999999
  },
  "rf_metrics": {
    "accuracy": 0.8909259689022975,
    "cv_mean": 0.37883008356545966,
    "cv_std": 0.012332002017369724,
    "classification_report": {
      "-1": {
        "precision": 0.78719723183391,
        "recall": 0.9970781592403214,
        "f1-score": 0.8797937479858202,
        "support": 1369.0
      },
      "0": {
        "precision": 0.9970348406226834,
        "recall": 0.7509771077610273,
        "f1-score": 0.856687898089172,
        "support": 1791.0
      },
      "1": {
        "precision": 0.9208809135399674,
        "recall": 0.9825935596170583,
        "f1-score": 0.9507368421052631,
        "support": 1149.0
      },
      "accuracy": 0.8909259689022975,
      "macro avg": {
        "precision": 0.9017043286655202,
        "recall": 0.910216275539469,
        "f1-score": 0.895739496060085,
        "support": 4309.0
      },
      "weighted avg": {
        "precision": 0.9100614016229455,
        "recall": 0.8909259689022975,
        "f1-score": 0.8891070545484433,
        "support": 4309.0
      }
    },
    "confusion_matrix": [
      [
        1365,
        2,
        2
      ],
      [
        351,
        1345,
        95
      ],
      [
        18,
        2,
        1129
      ]
    ],
    "feature_importance": {
      "turnover": 0.018000829226030794,
      "sma_20": 0.034484595120976264,
      "sma_50": 0.033608302187625796,
      "ema_12": 0.031169684853568268,
      "ema_26": 0.03332254682009918,
      "rsi": 0.020870004483966146,
      "atr": 0.033855728545651734,
      "atr_pct": 0.03704960027346592,
      "volume_sma_20": 0.033412360786751034,
      "volume_ratio": 0.015535481566690745,
      "bb_upper": 0.035976163992581446,
      "bb_middle": 0.030733558883015693,
      "bb_lower": 0.02933282431300659,
      "macd": 0.031856627447139435,
      "macd_signal": 0.037112317607029155,
      "adx": 0.03827430017492555,
      "di_plus": 0.024726231558735604,
      "di_minus": 0.026726160294934454,
      "adx_trend_up": 0.00144207943952497,
      "price_change": 0.013093207724487726,
      "price_change_abs": 0.012968749222235797,
      "volatility_10": 0.02274569094614844,
      "realized_volatility_20": 0.03071148603473519,
      "momentum_3": 0.015296441024123936,
      "momentum_5": 0.017409594192521503,
      "momentum_10": 0.018413701476350644,
      "dist_to_sma20_pct": 0.02174876560199955,
      "dist_to_ema12_pct": 0.017911908044843532,
      "bb_position": 0.019227509733933924,
      "near_bb_upper": 0.001046170708360097,
      "near_bb_lower": 0.0009187318707976641,
      "rsi_oversold": 0.0007222077270038471,
      "rsi_overbought": 0.0005967574501325827,
      "ema12_above_ema26": 0.0019205794483424412,
      "ob_imbalance": 0.0,
      "ob_imbalance_5": 0.0,
      "ob_imbalance_20": 0.0,
      "hour": 0.016888687292808433,
      "day_of_week": 0.021708390965114753,
      "hour_sin": 0.011856680847394933,
      "hour_cos": 0.013626915529346412,
      "dow_sin": 0.021332191515189065,
      "dow_cos": 0.01036773031328415,
      "close_lag_1": 0.02528841405295058,
      "volume_lag_1": 0.018340642486570122,
      "price_change_lag_1": 0.011205849181050777,
      "close_lag_2": 0.025447653466925606,
      "volume_lag_2": 0.01919063410446175,
      "price_change_lag_2": 0.011339510643479166,
      "close_lag_3": 0.02311399295147438,
      "volume_lag_3": 0.01738266097301509,
      "price_change_lag_3": 0.010689146895199095
    }
  },
  "xgb_metrics": {
    "accuracy": 0.933859364121606,
    "cv_mean": 0.3844011142061281,
    "cv_std": 0.04145647929286132,
    "classification_report": {
      "-1": {
        "precision": 0.877892030848329,
        "recall": 0.997808619430241,
        "f1-score": 0.934017094017094,
        "support": 1369.0
      },
      "0": {
        "precision": 0.9980171844018506,
        "recall": 0.8431044109436069,
        "f1-score": 0.914043583535109,
        "support": 1791.0
      },
      "1": {
        "precision": 0.9258064516129032,
        "recall": 0.999129677980853,
        "f1-score": 0.9610715780661364,
        "support": 1149.0
      },
      "accuracy": 0.933859364121606,
      "macro avg": {
        "precision": 0.9339052222876942,
        "recall": 0.9466809027849002,
        "f1-score": 0.9363774185394464,
        "support": 4309.0
      },
      "weighted avg": {
        "precision": 0.9405974890689958,
        "recall": 0.933859364121606,
        "f1-score": 0.9329293810672483,
        "support": 4309.0
      }
    },
    "confusion_matrix": [
      [
        1366,
        3,
        0
      ],
      [
        189,
        1510,
        92
      ],
      [
        1,
        0,
        1148
      ]
    ],
    "feature_importance": {
      "turnover": "0.01596709",
      "sma_20": "0.023003967",
      "sma_50": "0.032774813",
      "ema_12": "0.036578227",
      "ema_26": "0.036090672",
      "rsi": "0.018600369",
      "atr": "0.025017437",
      "atr_pct": "0.03201674",
      "volume_sma_20": "0.026342472",
      "volume_ratio": "0.0147449905",
      "bb_upper": "0.038987536",
      "bb_middle": "0.0",
      "bb_lower": "0.03415981",
      "macd": "0.027017701",
      "macd_signal": "0.03076193",
      "adx": "0.02652897",
      "di_plus": "0.021747692",
      "di_minus": "0.022707447",
      "adx_trend_up": "0.017219394",
      "price_change": "0.010881252",
      "price_change_abs": "0.012964378",
      "volatility_10": "0.020826181",
      "realized_volatility_20": "0.024198128",
      "momentum_3": "0.013502769",
      "momentum_5": "0.019653196",
      "momentum_10": "0.016104987",
      "dist_to_sma20_pct": "0.021418627",
      "dist_to_ema12_pct": "0.019508597",
      "bb_position": "0.02059076",
      "near_bb_upper": "0.03132048",
      "near_bb_lower": "0.006052476",
      "rsi_oversold": "0.0",
      "rsi_overbought": "0.0",
      "ema12_above_ema26": "0.0",
      "ob_imbalance": "0.0",
      "ob_imbalance_5": "0.0",
      "ob_imbalance_20": "0.0",
      "hour": "0.020700904",
      "day_of_week": "0.03523082",
      "hour_sin": "0.014795352",
      "hour_cos": "0.02154106",
      "dow_sin": "0.039005414",
      "dow_cos": "0.024186281",
      "close_lag_1": "0.0328756",
      "volume_lag_1": "0.013455171",
      "price_change_lag_1": "0.010480271",
      "close_lag_2": "0.02031829",
      "volume_lag_2": "0.017464997",
      "price_change_lag_2": "0.010559419",
      "close_lag_3": "0.01747219",
      "volume_lag_3": "0.014786956",
      "price_change_lag_3": "0.009838118"
    }
  },
  "ensemble_metrics": {
    "accuracy": 0.9301462056161522,
    "precision": 0.9383162657936202,
    "recall": 0.9301462056161522,
    "f1_score": 0.929310475132894,
    "cv_mean": 0.38217270194986075,
    "cv_std": 0.04274291344694327,
    "cv_precision_mean": 0.42992840095568996,
    "cv_recall_mean": 0.38217270194986075,
    "cv_f1_mean": 0.36510992409318066,
    "classification_report": {
      "-1": {
        "precision": 0.8580402010050251,
        "recall": 0.997808619430241,
        "f1-score": 0.922661263086795,
        "support": 1369.0
      },
      "0": {
        "precision": 0.9979973297730307,
        "recall": 0.8347292015633724,
        "f1-score": 0.9090909090909091,
        "support": 1791.0
      },
      "1": {
        "precision": 0.940935192780968,
        "recall": 0.9982593559617058,
        "f1-score": 0.96875,
        "support": 1149.0
      },
      "accuracy": 0.9301462056161522,