{
  "symbols": [
    "XRPUSDT"
  ],
  "interval_display": "15m",
  "ml_mtf_enabled": false,
  "hyperparams": {
    "training_days_15m": 45,
    "training_days_1h": 180,
    "forward_periods_15m": 5,
    "forward_periods_1h": 8,
    "threshold_pct_15m": 0.24000000000000002,
    "threshold_pct_1h": 0.8,
    "min_profit_pct_15m": 0.25,
    "min_profit_pct_1h": 0.8,
    "rf_n_estimators": 160,
    "rf_max_depth": 12,
    "xgb_n_estimators": 180,
    "xgb_max_depth": 6,
    "xgb_learning_rate": 0.06999999999999999
  },
  "rf_metrics": {
    "accuracy": 0.9425981873111783,
    "cv_mean": 0.3486750348675035,
    "cv_std": 0.020249585955795294,
    "classification_report": {
      "-1": {
        "precision": 0.8975501113585747,
        "recall": 0.9969078540507111,
        "f1-score": 0.9446234983885144,
        "support": 1617.0
      },
      "0": {
        "precision": 1.0,
        "recall": 0.8114104595879557,
        "f1-score": 0.8958880139982502,
        "support": 1262.0
      },
      "1": {
        "precision": 0.9575185434929198,
        "recall": 0.9971910112359551,
        "f1-score": 0.976952184382525,
        "support": 1424.0
      },
      "accuracy": 0.9425981873111783,
      "macro avg": {
        "precision": 0.9516895516171648,
        "recall": 0.9351697749582074,
        "f1-score": 0.9391545655897633,
        "support": 4303.0
      },
      "weighted avg": {
        "precision": 0.9474424671161359,
        "recall": 0.9425981873111783,
        "f1-score": 0.9410287662376796,
        "support": 4303.0
      }
    },
    "confusion_matrix": [
      [
        1612,
        0,
        5
      ],
      [
        180,
        1024,
        58
      ],
      [
        4,
        0,
        1420
      ]
    ],
    "feature_importance": {
      "turnover": 0.02137403267030628,
      "sma_20": 0.024270852108535433,
      "sma_50": 0.032816797043216654,
      "ema_12": 0.024593147887796506,
      "ema_26": 0.027297460776438135,
      "rsi": 0.021775321784674336,
      "atr": 0.03754777911884725,
      "atr_pct": 0.03696148589624803,
      "volume_sma_20": 0.03446384736634031,
      "volume_ratio": 0.021139191489754478,
      "bb_upper": 0.025400784232198336,
      "bb_middle": 0.024928639757577583,
      "bb_lower": 0.027237812964301115,
      "macd": 0.027736623810353248,
      "macd_signal": 0.0304951309924404,
      "adx": 0.029945212001794307,
      "di_plus": 0.025077355366149925,
      "di_minus": 0.02626408308039235,
      "adx_trend_up": 0.0020661105525743265,
      "price_change": 0.018012411586568605,
      "price_change_abs": 0.018659960962677507,
      "volatility_10": 0.02911025210615367,
      "realized_volatility_20": 0.03368715691817413,
      "momentum_3": 0.02096781026672469,
      "momentum_5": 0.021292717323461652,
      "momentum_10": 0.023769987569598094,
      "dist_to_sma20_pct": 0.021882321338026308,
      "dist_to_ema12_pct": 0.02044614016382431,
      "bb_position": 0.020907612798824925,
      "near_bb_upper": 0.000339617138796436,
      "near_bb_lower": 0.0003677007380201313,
      "rsi_oversold": 0.0004962924258070459,
      "rsi_overbought": 0.0005888702841490896,
      "ema12_above_ema26": 0.0026816029537191886,
      "ob_imbalance": 0.0,
      "ob_imbalance_5": 0.0,
      "ob_imbalance_20": 0.0,
      "hour": 0.02051340679993446,
      "day_of_week": 0.009675490079726966,
      "hour_sin": 0.015418632462498768,
      "hour_cos": 0.01900741324625115,
      "dow_sin": 0.010209407065901356,
      "dow_cos": 0.006389730001224415,
      "close_lag_1": 0.021752762928428208,
      "volume_lag_1": 0.02184459850688032,
      "price_change_lag_1": 0.017342370413658596,
      "close_lag_2": 0.02297139229523533,
      "volume_lag_2": 0.0215827964388245,
      "price_change_lag_2": 0.017240990641393197,
      "close_lag_3": 0.022270264761126184,
      "volume_lag_3": 0.02145859532413386,
      "price_change_lag_3": 0.01772002556031807
    }
  },
  "xgb_metrics": {
    "accuracy": 0.9623518475482221,
    "cv_mean": 0.3517433751743375,
    "cv_std": 0.019049786420043367,
    "classification_report": {
      "-1": {
        "precision": 0.9443468072642062,
        "recall": 0.9969078540507111,
        "f1-score": 0.9699157641395909,
        "support": 1617.0
      },
      "0": {
        "precision": 0.9990974729241877,
        "recall": 0.8771790808240888,
        "f1-score": 0.9341772151898734,
        "support": 1262.0
      },
      "1": {
        "precision": 0.9556451612903226,
        "recall": 0.9985955056179775,
        "f1-score": 0.9766483516483516,
        "support": 1424.0
      },
      "accuracy": 0.9623518475482221,
      "macro avg": {
        "precision": 0.9663631471595721,
        "recall": 0.9575608134975925,
        "f1-score": 0.9602471103259386,
        "support": 4303.0
      },
      "weighted avg": {
        "precision": 0.9641432739609496,
        "recall": 0.9623518475482221,
        "f1-score": 0.9616622563166608,
        "support": 4303.0
      }
    },
    "confusion_matrix": [
      [
        1612,
        0,
        5
      ],
      [
        94,
        1107,
        61
      ],
      [
        1,
        1,
        1422
      ]
    ],
    "feature_importance": {
      "turnover": "0.014348634",
      "sma_20": "0.018999109",
      "sma_50": "0.030024149",
      "ema_12": "0.027578468",
      "ema_26": "0.026400438",
      "rsi": "0.018430006",
      "atr": "0.025902577",
      "atr_pct": "0.03433577",
      "volume_sma_20": "0.02495",
      "volume_ratio": "0.015803004",
      "bb_upper": "0.033048857",
      "bb_middle": "0.0",
      "bb_lower": "0.031896748",
      "macd": "0.022723999",
      "macd_signal": "0.02280342",
      "adx": "0.022387777",
      "di_plus": "0.021571891",
      "di_minus": "0.020390205",
      "adx_trend_up": "0.014469623",
      "price_change": "0.015263571",
      "price_change_abs": "0.015547256",
      "volatility_10": "0.022086415",
      "realized_volatility_20": "0.027114538",
      "momentum_3": "0.017254598",
      "momentum_5": "0.017413633",
      "momentum_10": "0.019081248",
      "dist_to_sma20_pct": "0.024719195",
      "dist_to_ema12_pct": "0.024260513",
      "bb_position": "0.02129597",
      "near_bb_upper": "0.025840847",
      "near_bb_lower": "0.00799877",
      "rsi_oversold": "0.009183724",
      "rsi_overbought": "0.0",
      "ema12_above_ema26": "0.0",
      "ob_imbalance": "0.0",
      "ob_imbalance_5": "0.0",
      "ob_imbalance_20": "0.0",
      "hour": "0.023357715",
      "day_of_week": "0.02570512",
      "hour_sin": "0.021639962",
      "hour_cos": "0.030768424",
      "dow_sin": "0.035624932",
      "dow_cos": "0.025808351",
      "close_lag_1": "0.024555145",
      "volume_lag_1": "0.01960663",
      "price_change_lag_1": "0.01465644",
      "close_lag_2": "0.023257812",
      "volume_lag_2": "0.018435853",
      "price_change_lag_2": "0.01329537",
      "close_lag_3": "0.02158048",
      "volume_lag_3": "0.015299126",
      "price_change_lag_3": "0.013283665"
    }
  },
  "ensemble_metrics": {
    "accuracy": 0.9614222635370672,
    "precision": 0.9634762396605229,
    "recall": 0.9614222635370672,
    "f1_score": 0.960712801985044,
    "cv_mean": 0.35509065550906554,
    "cv_std": 0.019892942069372862,
    "cv_precision_mean": 0.37887204707184796,
    "cv_recall_mean": 0.35509065550906554,
    "cv_f1_mean": 0.3205764602620077,
    "classification_report": {
      "-1": {
        "precision": 0.9355774811375508,
        "recall": 0.9969078540507111,
        "f1-score": 0.9652694610778443,
        "support": 1617.0
      },
      "0": {
        "precision": 1.0,
        "recall": 0.873217115689382,
        "f1-score": 0.9323181049069373,
        "support": 1262.0
      },
      "1": {
        "precision": 0.9627875507442489,
        "recall": 0.9992977528089888,
        "f1-score": 0.9807029634734665,
        "support": 1424.0
      },
      "accuracy": 0.9614222635370672,