{
  "symbols": [
    "XRPUSDT"
  ],
  "interval_display": "15m",
  "ml_mtf_enabled": false,
  "hyperparams": {
    "training_days_15m": 30,
    "training_days_1h": 180,
    "forward_periods_15m": 5,
    "forward_periods_1h": 8,
    "threshold_pct_15m": 0.3,
    "threshold_pct_1h": 0.8,
    "min_profit_pct_15m": 0.3,
    "min_profit_pct_1h": 0.8,
    "rf_n_estimators": 120,
    "rf_max_depth": 10,
    "xgb_n_estimators": 140,
    "xgb_max_depth": 6,
    "xgb_learning_rate": 0.08
  },
  "rf_metrics": {
    "accuracy": 0.821166608452672,
    "cv_mean": 0.3215932914046121,
    "cv_std": 0.020221644531299775,
    "classification_report": {
      "-1": {
        "precision": 0.7121799844840963,
        "recall": 0.9945828819068255,
        "f1-score": 0.8300180831826401,
        "support": 923.0
      },
      "0": {
        "precision": 1.0,
        "recall": 0.5639431616341031,
        "f1-score": 0.7211811470755253,
        "support": 1126.0
      },
      "1": {
        "precision": 0.8498402555910544,
        "recall": 0.9803439803439803,
        "f1-score": 0.910439247005134,
        "support": 814.0
      },
      "accuracy": 0.821166608452672,
      "macro avg": {
        "precision": 0.854006746691717,
        "recall": 0.8462900079616363,
        "f1-score": 0.8205461590877664,
        "support": 2863.0
      },
      "weighted avg": {
        "precision": 0.8645169730108065,
        "recall": 0.821166608452672,
        "f1-score": 0.8100783127652104,
        "support": 2863.0
      }
    },
    "confusion_matrix": [
      [
        918,
        0,
        5
      ],
      [
        355,
        635,
        136
      ],
      [
        16,
        0,
        798
      ]
    ],
    "feature_importance": {
      "turnover": 0.016287208741729235,
      "sma_20": 0.02521720039790765,
      "sma_50": 0.0297734553516762,
      "ema_12": 0.026699633562384265,
      "ema_26": 0.024376244782000223,
      "rsi": 0.02021544111059586,
      "atr": 0.03764716266305781,
      "atr_pct": 0.03499811612930884,
      "volume_sma_20": 0.029171389719927977,
      "volume_ratio": 0.017862343455755558,
      "bb_upper": 0.025534436414037263,
      "bb_middle": 0.02322701669547849,
      "bb_lower": 0.025298599259742052,
      "macd": 0.02577623491082124,
      "macd_signal": 0.030949486133172766,
      "adx": 0.03333558116427671,
      "di_plus": 0.024584199148328427,
      "di_minus": 0.027625113767924835,
      "adx_trend_up": 0.002428695929509891,
      "price_change": 0.018319497607054824,
      "price_change_abs": 0.01685363609474754,
      "volatility_10": 0.030387288581227464,
      "realized_volatility_20": 0.033808766497091795,
      "momentum_3": 0.023108712832131326,
      "momentum_5": 0.023028173480635173,
      "momentum_10": 0.02592456872105462,
      "dist_to_sma20_pct": 0.019704872236084615,
      "dist_to_ema12_pct": 0.02137649037771604,
      "bb_position": 0.020037168411342177,
      "near_bb_upper": 0.00022001444228931575,
      "near_bb_lower": 0.0005535340094140535,
      "rsi_oversold": 0.00031714315135603543,
      "rsi_overbought": 0.00045273956599232887,
      "ema12_above_ema26": 0.002114548728640826,
      "ob_imbalance": 0.0,
      "ob_imbalance_5": 0.0,
      "ob_imbalance_20": 0.0,
      "hour": 0.02342518965161672,
      "day_of_week": 0.010527539750434939,
      "hour_sin": 0.017251029206174107,
      "hour_cos": 0.019014601749312743,
      "dow_sin": 0.011809337806458174,
      "dow_cos": 0.006410945352777886,
      "close_lag_1": 0.026905861383297276,
      "volume_lag_1": 0.019116663650790296,
      "price_change_lag_1": 0.019370420179250506,
      "close_lag_2": 0.02632116135802382,
      "volume_lag_2": 0.022670232618661253,
      "price_change_lag_2": 0.01649637749173839,
      "close_lag_3": 0.024365821081144264,
      "volume_lag_3": 0.022440653148059337,
      "price_change_lag_3": 0.016659451497846856
    }
  },
  "xgb_metrics": {
    "accuracy": 0.9689137268599372,
    "cv_mean": 0.34423480083857444,
    "cv_std": 0.044834332733176684,
    "classification_report": {
      "-1": {
        "precision": 0.9389623601220752,
        "recall": 1.0,
        "f1-score": 0.968520461699895,
        "support": 923.0
      },
      "0": {
        "precision": 1.0,
        "recall": 0.9209591474245116,
        "f1-score": 0.9588534442903375,
        "support": 1126.0
      },
      "1": {
        "precision": 0.9655990510083037,
        "recall": 1.0,
        "f1-score": 0.9824984912492456,
        "support": 814.0
      },
      "accuracy": 0.9689137268599372,
      "macro avg": {
        "precision": 0.9681871370434596,
        "recall": 0.9736530491415039,
        "f1-score": 0.9699574657464926,
        "support": 2863.0
      },
      "weighted avg": {
        "precision": 0.9705413503015838,
        "recall": 0.9689137268599372,
        "f1-score": 0.9686926777145682,
        "support": 2863.0
      }
    },
    "confusion_matrix": [
      [
        923,
        0,
        0
      ],
      [
        60,
        1037,
        29
      ],
      [
        0,
        0,
        814
      ]
    ],
    "feature_importance": {
      "turnover": "0.013882131",
      "sma_20": "0.017241836",
      "sma_50": "0.025685778",
      "ema_12": "0.02323736",
      "ema_26": "0.028227381",
      "rsi": "0.019504542",
      "atr": "0.024163652",
      "atr_pct": "0.036804907",
      "volume_sma_20": "0.024323458",
      "volume_ratio": "0.016630473",
      "bb_upper": "0.026657814",
      "bb_middle": "0.0",
      "bb_lower": "0.026930796",
      "macd": "0.02220366",
      "macd_signal": "0.026121898",
      "adx": "0.026598372",
      "di_plus": "0.023149606",
      "di_minus": "0.019759517",
      "adx_trend_up": "0.019480852",
      "price_change": "0.0128683755",
      "price_change_abs": "0.014426465",
      "volatility_10": "0.01978209",
      "realized_volatility_20": "0.025823621",
      "momentum_3": "0.01830147",
      "momentum_5": "0.0195855",
      "momentum_10": "0.01945747",
      "dist_to_sma20_pct": "0.020207943",
      "dist_to_ema12_pct": "0.021414675",
      "bb_position": "0.020654136",
      "near_bb_upper": "0.029543433",
      "near_bb_lower": "0.0",
      "rsi_oversold": "0.0",
      "rsi_overbought": "0.0",
      "ema12_above_ema26": "0.0",
      "ob_imbalance": "0.0",
      "ob_imbalance_5": "0.0",
      "ob_imbalance_20": "0.0",
      "hour": "0.027379114",
      "day_of_week": "0.027956497",
      "hour_sin": "0.021597356",
      "hour_cos": "0.028728884",
      "dow_sin": "0.033986118",
      "dow_cos": "0.03743357",
      "close_lag_1": "0.028575396",
      "volume_lag_1": "0.01723733",
      "price_change_lag_1": "0.012484484",
      "close_lag_2": "0.0383871",
      "volume_lag_2": "0.017264951",
      "price_change_lag_2": "0.013194281",
      "close_lag_3": "0.024328757",
      "volume_lag_3": "0.015139987",
      "price_change_lag_3": "0.013637018"
    }
  },
  "ensemble_metrics": {
    "accuracy": 0.9448131330771917,
    "precision": 0.9498380404407404,
    "recall": 0.9448131330771917,
    "f1_score": 0.9440515394248795,
    "cv_mean": 0.34800838574423476,
    "cv_std": 0.056487184844056515,
    "cv_precision_mean": 0.37361110022032806,
    "cv_recall_mean": 0.34800838574423476,
    "cv_f1_mean": 0.33081942924751423,
    "classification_report": {
      "-1": {
        "precision": 0.89351403678606,
        "recall": 1.0,
        "f1-score": 0.943762781186094,
        "support": 923.0
      },
      "0": {
        "precision": 1.0,
        "recall": 0.8596802841918295,
        "f1-score": 0.9245463228271251,
        "support": 1126.0
      },
      "1": {
        "precision": 0.9443155452436195,
        "recall": 1.0,
        "f1-score": 0.9713603818615751,
        "support": 814.0
      },
      "accuracy": 0.9448131330771917,
      "macro avg": {
        "precision": 0.9459431940098932,
        "recall": 0.9532267613972766,
        "f1-score": 0.9465564952915981,
        "support": 2863.0
      },