{
  "symbols": [
    "XRPUSDT"
  ],
  "interval_display": "1h",
  "ml_mtf_enabled": false,
  "hyperparams": {
    "training_days_15m": 30,
    "training_days_1h": 180,
    "forward_periods_15m": 5,
    "forward_periods_1h": 8,
    "threshold_pct_15m": 0.3,
    "threshold_pct_1h": 0.8,
    "min_profit_pct_15m": 0.3,
    "min_profit_pct_1h": 0.8,
    "rf_n_estimators": 120,
    "rf_max_depth": 10,
    "xgb_n_estimators": 140,
    "xgb_max_depth": 6,
    "xgb_learning_rate": 0.08
  },
  "rf_metrics": {
    "accuracy": 0.7804595033650499,
    "cv_mean": 0.3738161559888579,
    "cv_std": 0.020593983720640138,
    "classification_report": {
      "-1": {
        "precision": 0.6723023371456986,
        "recall": 0.987582176771366,
        "f1-score": 0.8,
        "support": 1369.0
      },
      "0": {
        "precision": 0.9914438502673797,
        "recall": 0.5175879396984925,
        "f1-score": 0.6801173881144534,
        "support": 1791.0
      },
      "1": {
        "precision": 0.7953044754218636,
        "recall": 0.9434290687554395,
        "f1-score": 0.8630573248407644,
        "support": 1149.0
      },
      "accuracy": 0.7804595033650499,
      "macro avg": {
        "precision": 0.819683554278314,
        "recall": 0.8161997284084327,
        "f1-score": 0.7810582376517393,
        "support": 4309.0
      },
      "weighted avg": {
        "precision": 0.8377495190626734,
        "recall": 0.7804595033650499,
        "f1-score": 0.7669861008018158,
        "support": 4309.0
      }
    },
    "confusion_matrix": [
      [
        1352,
        2,
        15
      ],
      [
        600,
        927,
        264
      ],
      [
        59,
        6,
        1084
      ]
    ],
    "feature_importance": {
      "turnover": 0.020337950638393547,
      "sma_20": 0.032963136806077556,
      "sma_50": 0.03267895062662872,
      "ema_12": 0.03324137207045237,
      "ema_26": 0.03916935972646538,
      "rsi": 0.019365522600299008,
      "atr": 0.0347166570309586,
      "atr_pct": 0.03947115532642577,
      "volume_sma_20": 0.03459402304216661,
      "volume_ratio": 0.01530259496347997,
      "bb_upper": 0.03631534032460415,
      "bb_middle": 0.030118752755815312,
      "bb_lower": 0.0309656874324268,
      "macd": 0.032244046565711,
      "macd_signal": 0.036310854023752115,
      "adx": 0.038690963716111214,
      "di_plus": 0.02511281108682503,
      "di_minus": 0.026157650748629507,
      "adx_trend_up": 0.0017849436755344025,
      "price_change": 0.011138900293443266,
      "price_change_abs": 0.010298412754082005,
      "volatility_10": 0.023589946071649055,
      "realized_volatility_20": 0.033172985795180764,
      "momentum_3": 0.01564035502210064,
      "momentum_5": 0.01480382826634767,
      "momentum_10": 0.018717761890321517,
      "dist_to_sma20_pct": 0.020639862517783176,
      "dist_to_ema12_pct": 0.01755302714776385,
      "bb_position": 0.01832945327499388,
      "near_bb_upper": 0.0012532277068332213,
      "near_bb_lower": 0.0007361795084949123,
      "rsi_oversold": 0.0009340715305190955,
      "rsi_overbought": 0.0006174748106775006,
      "ema12_above_ema26": 0.0029745253860039714,
      "ob_imbalance": 0.0,
      "ob_imbalance_5": 0.0,
      "ob_imbalance_20": 0.0,
      "hour": 0.015601811024003468,
      "day_of_week": 0.02380759024765325,
      "hour_sin": 0.010053871763144678,
      "hour_cos": 0.011842292728767573,
      "dow_sin": 0.022443670472348545,
      "dow_cos": 0.009887468420771697,
      "close_lag_1": 0.024052743720769865,
      "volume_lag_1": 0.018102153056775698,
      "price_change_lag_1": 0.009469647307469393,
      "close_lag_2": 0.02477448759547391,
      "volume_lag_2": 0.019616276292621176,
      "price_change_lag_2": 0.00982140310098182,
      "close_lag_3": 0.02434888688551043,
      "volume_lag_3": 0.017148125539709184,
      "price_change_lag_3": 0.009087786707047863
    }
  },
  "xgb_metrics": {
    "accuracy": 0.9080993269900209,
    "cv_mean": 0.3846796657381616,
    "cv_std": 0.03682152040739222,
    "classification_report": {
      "-1": {
        "precision": 0.8499377334993773,
        "recall": 0.9970781592403214,
        "f1-score": 0.9176470588235294,
        "support": 1369.0
      },
      "0": {
        "precision": 0.9964513839602555,
        "recall": 0.7839195979899497,
        "f1-score": 0.8775,
        "support": 1791.0
      },
      "1": {
        "precision": 0.884080370942813,
        "recall": 0.9956483899042646,
        "f1-score": 0.9365534179287761,
        "support": 1149.0
      },
      "accuracy": 0.9080993269900209,
      "macro avg": {
        "precision": 0.9101564961341486,
        "recall": 0.9255487157115119,
        "f1-score": 0.9105668255841017,
        "support": 4309.0
      },
      "weighted avg": {
        "precision": 0.919939088430438,
        "recall": 0.9080993269900209,
        "f1-score": 0.9060016710906418,
        "support": 4309.0
      }
    },
    "confusion_matrix": [
      [
        1365,
        3,
        1
      ],
      [
        238,
        1404,
        149
      ],
      [
        3,
        2,
        1144
      ]
    ],
    "feature_importance": {
      "turnover": "0.01617618",
      "sma_20": "0.023568718",
      "sma_50": "0.032551937",
      "ema_12": "0.037730757",
      "ema_26": "0.0376961",
      "rsi": "0.018245682",
      "atr": "0.026697084",
      "atr_pct": "0.031160118",
      "volume_sma_20": "0.026607674",
      "volume_ratio": "0.0131406",
      "bb_upper": "0.038288064",
      "bb_middle": "0.0",
      "bb_lower": "0.033107154",
      "macd": "0.024806442",
      "macd_signal": "0.031065814",
      "adx": "0.0252117",
      "di_plus": "0.021274023",
      "di_minus": "0.023506457",
      "adx_trend_up": "0.018501865",
      "price_change": "0.0114153065",
      "price_change_abs": "0.012101506",
      "volatility_10": "0.020656794",
      "realized_volatility_20": "0.024887476",
      "momentum_3": "0.013896838",
      "momentum_5": "0.01805102",
      "momentum_10": "0.015624495",
      "dist_to_sma20_pct": "0.02263907",
      "dist_to_ema12_pct": "0.01899566",
      "bb_position": "0.019155003",
      "near_bb_upper": "0.0392253",
      "near_bb_lower": "0.009096865",
      "rsi_oversold": "0.0",
      "rsi_overbought": "0.0",
      "ema12_above_ema26": "0.0",
      "ob_imbalance": "0.0",
      "ob_imbalance_5": "0.0",
      "ob_imbalance_20": "0.0",
      "hour": "0.020310694",
      "day_of_week": "0.032999724",
      "hour_sin": "0.0146205975",
      "hour_cos": "0.021450354",
      "dow_sin": "0.03771674",
      "dow_cos": "0.024689758",
      "close_lag_1": "0.0331102",
      "volume_lag_1": "0.013280138",
      "price_change_lag_1": "0.010579636",
      "close_lag_2": "0.019529475",
      "volume_lag_2": "0.016259998",
      "price_change_lag_2": "0.010419567",
      "close_lag_3": "0.014298408",
      "volume_lag_3": "0.014941281",
      "price_change_lag_3": "0.010711736"
    }
  },
  "ensemble_metrics": {
    "accuracy": 0.8765374796936645,
    "precision": 0.8977852098926692,
    "recall": 0.8765374796936645,
    "f1_score": 0.8725786487124784,
    "cv_mean": 0.383008356545961,
    "cv_std": 0.038243816762523614,
    "cv_precision_mean": 0.4205598828527787,
    "cv_recall_mean": 0.383008356545961,
    "cv_f1_mean": 0.3657807671642058,
    "classification_report": {
      "-1": {
        "precision": 0.79533527696793,
        "recall": 0.9963476990504018,
        "f1-score": 0.8845654993514915,
        "support": 1369.0
      },
      "0": {
        "precision": 0.99687255668491,
        "recall": 0.711892797319933,
        "f1-score": 0.8306188925081434,
        "support": 1791.0
      },
      "1": {
        "precision": 0.8653992395437262,
        "recall": 0.9904264577893821,
        "f1-score": 0.9237012987012987,
        "support": 1149.0
      },
      "accuracy": 0.8765374796936645,
      "macro avg": {
        "precision": 0.8858690243988554,
        "recall": 0.8995556513865722,