{
  "symbols": [
    "XRPUSDT"
  ],
  "interval_display": "15m",
  "ml_mtf_enabled": false,
  "hyperparams": {
    "training_days_15m": 30,
    "training_days_1h": 180,
    "forward_periods_15m": 5,
    "forward_periods_1h": 8,
    "threshold_pct_15m": 0.3,
    "threshold_pct_1h": 0.8,
    "min_profit_pct_15m": 0.3,
    "min_profit_pct_1h": 0.8,
    "rf_n_estimators": 120,
    "rf_max_depth": 10,
    "xgb_n_estimators": 140,
    "xgb_max_depth": 6,
    "xgb_learning_rate": 0.08
  },
  "rf_metrics": {
    "accuracy": 0.8221523410202656,
    "cv_mean": 0.310272536687631,
    "cv_std": 0.026749078251969104,
    "classification_report": {
      "-1": {
        "precision": 0.7202194357366771,
        "recall": 0.9967462039045553,
        "f1-score": 0.8362147406733395,
        "support": 922.0
      },
      "0": {
        "precision": 1.0,
        "recall": 0.5683836589698046,
        "f1-score": 0.72480181200453,
        "support": 1126.0
      },
      "1": {
        "precision": 0.8393234672304439,
        "recall": 0.9754299754299754,
        "f1-score": 0.9022727272727272,
        "support": 814.0
      },
      "accuracy": 0.8221523410202656,
      "macro avg": {
        "precision": 0.8531809676557071,
        "recall": 0.8468532794347784,
        "f1-score": 0.8210964266501989,
        "support": 2862.0
      },
      "weighted avg": {
        "precision": 0.8641689804593982,
        "recall": 0.8221523410202656,
        "f1-score": 0.8111694029412717,
        "support": 2862.0
      }
    },
    "confusion_matrix": [
      [
        919,
        0,
        3
      ],
      [
        337,
        640,
        149
      ],
      [
        20,
        0,
        794
      ]
    ],
    "feature_importance": {
      "turnover": 0.016404277743130476,
      "sma_20": 0.025034088773388464,
      "sma_50": 0.03126950518256093,
      "ema_12": 0.026075717210216086,
      "ema_26": 0.024953664118925734,
      "rsi": 0.020142522096019654,
      "atr": 0.03730765125114176,
      "atr_pct": 0.03294585967417384,
      "volume_sma_20": 0.030617352425292052,
      "volume_ratio": 0.0181012987067604,
      "bb_upper": 0.025441992595931013,
      "bb_middle": 0.02369567318376603,
      "bb_lower": 0.024378141555200364,
      "macd": 0.027571077156185293,
      "macd_signal": 0.03329526024642412,
      "adx": 0.03381652189050475,
      "di_plus": 0.0252779310255979,
      "di_minus": 0.02849586300482752,
      "adx_trend_up": 0.0027584457320810026,
      "price_change": 0.017347642359033372,
      "price_change_abs": 0.017866270276705485,
      "volatility_10": 0.027014623811086345,
      "realized_volatility_20": 0.03419741339906432,
      "momentum_3": 0.02018475369965732,
      "momentum_5": 0.02474550181870336,
      "momentum_10": 0.02341855073798218,
      "dist_to_sma20_pct": 0.022039669789449004,
      "dist_to_ema12_pct": 0.01988984872556974,
      "bb_position": 0.02051936879014502,
      "near_bb_upper": 0.0004399929764201551,
      "near_bb_lower": 0.0005000604846821501,
      "rsi_oversold": 0.00025158635776432233,
      "rsi_overbought": 0.00025677779265026896,
      "ema12_above_ema26": 0.0018785918523905691,
      "ob_imbalance": 0.0,
      "ob_imbalance_5": 0.0,
      "ob_imbalance_20": 0.0,
      "hour": 0.022293247280354752,
      "day_of_week": 0.009663074632047115,
      "hour_sin": 0.019117525913530276,
      "hour_cos": 0.02031860134313853,
      "dow_sin": 0.012721143951992635,
      "dow_cos": 0.007114518982920775,
      "close_lag_1": 0.02671968910115137,
      "volume_lag_1": 0.01899942878956236,
      "price_change_lag_1": 0.015185345722676295,
      "close_lag_2": 0.028104858551113963,
      "volume_lag_2": 0.02361774271411217,
      "price_change_lag_2": 0.01654748255747325,
      "close_lag_3": 0.02299010749991369,
      "volume_lag_3": 0.021386926932171257,
      "price_change_lag_3": 0.01708680958441055
    }
  },
  "xgb_metrics": {
    "accuracy": 0.9622641509433962,
    "cv_mean": 0.34213836477987425,
    "cv_std": 0.045688840745173695,
    "classification_report": {
      "-1": {
        "precision": 0.9331306990881459,
        "recall": 0.9989154013015185,
        "f1-score": 0.964903090623363,
        "support": 922.0
      },
      "0": {
        "precision": 0.9990215264187867,
        "recall": 0.9067495559502664,
        "f1-score": 0.9506517690875232,
        "support": 1126.0
      },
      "1": {
        "precision": 0.9519343493552169,
        "recall": 0.9975429975429976,
        "f1-score": 0.9742051589682064,
        "support": 814.0
      },
      "accuracy": 0.9622641509433962,
      "macro avg": {
        "precision": 0.9613621916207165,
        "recall": 0.9677359849315942,
        "f1-score": 0.9632533395596976,
        "support": 2862.0
      },
      "weighted avg": {
        "precision": 0.9644022724255665,
        "recall": 0.9622641509433962,
        "f1-score": 0.9619418382066428,
        "support": 2862.0
      }
    },
    "confusion_matrix": [
      [
        921,
        0,
        1
      ],
      [
        65,
        1021,
        40
      ],
      [
        1,
        1,
        812
      ]
    ],
    "feature_importance": {
      "turnover": "0.014379076",
      "sma_20": "0.018330157",
      "sma_50": "0.027828947",
      "ema_12": "0.025431547",
      "ema_26": "0.027109833",
      "rsi": "0.020128334",
      "atr": "0.023236725",
      "atr_pct": "0.04053703",
      "volume_sma_20": "0.02547735",
      "volume_ratio": "0.01691745",
      "bb_upper": "0.02995383",
      "bb_middle": "0.0",
      "bb_lower": "0.02805327",
      "macd": "0.025045333",
      "macd_signal": "0.027808195",
      "adx": "0.026158016",
      "di_plus": "0.024159163",
      "di_minus": "0.018627461",
      "adx_trend_up": "0.016196445",
      "price_change": "0.013067673",
      "price_change_abs": "0.015262064",
      "volatility_10": "0.021889176",
      "realized_volatility_20": "0.027451932",
      "momentum_3": "0.019810231",
      "momentum_5": "0.01930798",
      "momentum_10": "0.018307788",
      "dist_to_sma20_pct": "0.020510135",
      "dist_to_ema12_pct": "0.02167508",
      "bb_position": "0.021017227",
      "near_bb_upper": "0.002000066",
      "near_bb_lower": "0.0",
      "rsi_oversold": "0.0",
      "rsi_overbought": "0.0",
      "ema12_above_ema26": "0.0",
      "ob_imbalance": "0.0",
      "ob_imbalance_5": "0.0",
      "ob_imbalance_20": "0.0",
      "hour": "0.025981972",
      "day_of_week": "0.025329713",
      "hour_sin": "0.025554154",
      "hour_cos": "0.032004695",
      "dow_sin": "0.035069603",
      "dow_cos": "0.040732417",
      "close_lag_1": "0.029157978",
      "volume_lag_1": "0.017233571",
      "price_change_lag_1": "0.012980603",
      "close_lag_2": "0.038570896",
      "volume_lag_2": "0.01726095",
      "price_change_lag_2": "0.01244177",
      "close_lag_3": "0.024952088",
      "volume_lag_3": "0.013781356",
      "price_change_lag_3": "0.013270686"
    }
  },
  "ensemble_metrics": {
    "accuracy": 0.9329140461215933,
    "precision": 0.93997642385256,
    "recall": 0.9329140461215933,
    "f1_score": 0.9317828329189539,
    "cv_mean": 0.3438155136268344,
    "cv_std": 0.05109458116123244,
    "cv_precision_mean": 0.3784703811595206,
    "cv_recall_mean": 0.3438155136268344,
    "cv_f1_mean": 0.32318732425898783,
    "classification_report": {
      "-1": {
        "precision": 0.8763082778306375,
        "recall": 0.9989154013015185,
        "f1-score": 0.9336036492650786,
        "support": 922.0
      },
      "0": {
        "precision": 1.0,
        "recall": 0.8321492007104796,
        "f1-score": 0.9083858458555502,
        "support": 1126.0
      },
      "1": {
        "precision": 0.9290617848970252,
        "recall": 0.9975429975429976,
        "f1-score": 0.9620853080568721,
        "support": 814.0
      },
      "accuracy": 0.9329140461215933,
      "macro avg": {
        "precision": 0.9351233542425542,
        "recall": 0.9428691998516653,