{
  "symbols": [
    "BNBUSDT"
  ],
  "interval_display": "15m",
  "ml_mtf_enabled": false,
  "hyperparams": {
    "training_days_15m": 35,
    "forward_periods_15m": 6,
    "threshold_pct_15m": 0.38,
    "min_profit_pct_15m": 0.32,
    "rf_n_estimators": 150,
    "xgb_n_estimators": 180,
    "xgb_learning_rate": 0.07
  },
  "rf_metrics": {
    "accuracy": 0.8312387791741472,
    "cv_mean": 0.3569120287253142,
    "cv_std": 0.03326746088876257,
    "classification_report": {
      "-1": {
        "precision": 0.6912,
        "recall": 0.9988439306358381,
        "f1-score": 0.8170212765957446,
        "support": 865.0
      },
      "0": {
        "precision": 1.0,
        "recall": 0.6707541385652973,
        "f1-score": 0.8029357798165138,
        "support": 1631.0
      },
      "1": {
        "precision": 0.8216432865731463,
        "recall": 0.9692671394799054,
        "f1-score": 0.8893709327548807,
        "support": 846.0
      },
      "accuracy": 0.8312387791741472,
      "macro avg": {
        "precision": 0.8376144288577154,
        "recall": 0.8796217362270137,
        "f1-score": 0.836442663055713,
        "support": 3342.0
      },
      "weighted avg": {
        "precision": 0.8749246620110358,
        "recall": 0.8312387791741472,
        "f1-score": 0.8284618402892526,
        "support": 3342.0
      }
    },
    "confusion_matrix": [
      [
        864,
        0,
        1
      ],
      [
        360,
        1094,
        177
      ],
      [
        26,
        0,
        820
      ]
    ],
    "feature_importance": {
      "turnover": 0.01643204563422147,
      "sma_20": 0.03706307304373331,
      "sma_50": 0.03421424383737416,
      "ema_12": 0.02718244595363341,
      "ema_26": 0.03182342685541206,
      "rsi": 0.02040558078938334,
      "atr": 0.02919448798907079,
      "atr_pct": 0.030307449010481134,
      "volume_sma_20": 0.033807789105136876,
      "volume_ratio": 0.016023527867787615,
      "bb_upper": 0.03186553152234851,
      "bb_middle": 0.03186990173717323,
      "bb_lower": 0.03628743663537708,
      "macd": 0.029947073674012555,
      "macd_signal": 0.031059091606831568,
      "adx": 0.0331389287387378,
      "di_plus": 0.026051438868979288,
      "di_minus": 0.021649503126599513,
      "adx_trend_up": 0.0012015738029707715,
      "price_change": 0.013673204275250121,
      "price_change_abs": 0.013540174838940372,
      "volatility_10": 0.03435128412482669,
      "realized_volatility_20": 0.030184944830680908,
      "momentum_3": 0.017580778794474564,
      "momentum_5": 0.019548759051472315,
      "momentum_10": 0.02148546842322701,
      "dist_to_sma20_pct": 0.02141467572710988,
      "dist_to_ema12_pct": 0.020155483838449482,
      "bb_position": 0.025452820582038436,
      "near_bb_upper": 9.525891415710066e-05,
      "near_bb_lower": 1.5268127388793074e-05,
      "rsi_oversold": 0.00044436034511014503,
      "rsi_overbought": 0.0003135935404836523,
      "ema12_above_ema26": 0.0016104420982426158,
      "ob_imbalance": 0.0,
      "ob_imbalance_5": 0.0,
      "ob_imbalance_20": 0.0,
      "hour": 0.028354618211759223,
      "day_of_week": 0.015854129085863318,
      "hour_sin": 0.01670511104232997,
      "hour_cos": 0.023555014108694126,
      "dow_sin": 0.016956451342379452,
      "dow_cos": 0.010149598306273848,
      "close_lag_1": 0.01983145290445802,
      "volume_lag_1": 0.016153355162227986,
      "price_change_lag_1": 0.013861429528268096,
      "close_lag_2": 0.02069642056089688,
      "volume_lag_2": 0.015862555252930934,
      "price_change_lag_2": 0.013766722838006711,
      "close_lag_3": 0.020442237000788115,
      "volume_lag_3": 0.015595704514225038,
      "price_change_lag_3": 0.012824132829781731
    }
  },
  "xgb_metrics": {
    "accuracy": 0.9494314781567923,
    "cv_mean": 0.4032315978456015,
    "cv_std": 0.03568332710608215,
    "classification_report": {
      "-1": {
        "precision": 0.8871794871794871,
        "recall": 1.0,
        "f1-score": 0.9402173913043478,
        "support": 865.0
      },
      "0": {
        "precision": 1.0,
        "recall": 0.897608828939301,
        "f1-score": 0.9460420032310177,
        "support": 1631.0
      },
      "1": {
        "precision": 0.9346622369878184,
        "recall": 0.9976359338061466,
        "f1-score": 0.9651229273870783,
        "support": 846.0
      },
      "accuracy": 0.9494314781567923,
      "macro avg": {
        "precision": 0.9406139080557686,
        "recall": 0.9650815875818158,
        "f1-score": 0.950460773974148,
        "support": 3342.0
      },
      "weighted avg": {
        "precision": 0.9542592785463646,
        "recall": 0.9494314781567923,
        "f1-score": 0.9493646161931534,
        "support": 3342.0
      }
    },
    "confusion_matrix": [
      [
        865,
        0,
        0
      ],
      [
        108,
        1464,
        59
      ],
      [
        2,
        0,
        844
      ]
    ],
    "feature_importance": {
      "turnover": "0.013372577",
      "sma_20": "0.029555067",
      "sma_50": "0.030201172",
      "ema_12": "0.031549465",
      "ema_26": "0.032232374",
      "rsi": "0.016784972",
      "atr": "0.024644382",
      "atr_pct": "0.033301268",
      "volume_sma_20": "0.024960294",
      "volume_ratio": "0.013773028",
      "bb_upper": "0.04163136",
      "bb_middle": "0.0",
      "bb_lower": "0.03712646",
      "macd": "0.024167199",
      "macd_signal": "0.024093397",
      "adx": "0.025825318",
      "di_plus": "0.019941436",
      "di_minus": "0.021744791",
      "adx_trend_up": "0.015702516",
      "price_change": "0.013178303",
      "price_change_abs": "0.01261603",
      "volatility_10": "0.02769875",
      "realized_volatility_20": "0.024267938",
      "momentum_3": "0.01805277",
      "momentum_5": "0.018305896",
      "momentum_10": "0.019650374",
      "dist_to_sma20_pct": "0.024781866",
      "dist_to_ema12_pct": "0.024287624",
      "bb_position": "0.026744334",
      "near_bb_upper": "0.0",
      "near_bb_lower": "0.0",
      "rsi_oversold": "0.0",
      "rsi_overbought": "0.0035766768",
      "ema12_above_ema26": "0.0",
      "ob_imbalance": "0.0",
      "ob_imbalance_5": "0.0",
      "ob_imbalance_20": "0.0",
      "hour": "0.02591655",
      "day_of_week": "0.03038504",
      "hour_sin": "0.024533618",
      "hour_cos": "0.030470874",
      "dow_sin": "0.028731616",
      "dow_cos": "0.029801944",
      "close_lag_1": "0.021926308",
      "volume_lag_1": "0.013214661",
      "price_change_lag_1": "0.014862989",
      "close_lag_2": "0.029313164",
      "volume_lag_2": "0.013530066",
      "price_change_lag_2": "0.012213812",
      "close_lag_3": "0.024900025",
      "volume_lag_3": "0.014705342",
      "price_change_lag_3": "0.011726372"
    }
  },
  "ensemble_metrics": {
    "accuracy": 0.9308797127468582,
    "precision": 0.9400902341151408,
    "recall": 0.9308797127468582,
    "f1_score": 0.9308454664604562,
    "cv_mean": 0.4007181328545781,
    "cv_std": 0.03418493424893904,
    "cv_precision_mean": 0.40341450300614223,
    "cv_recall_mean": 0.4007181328545781,
    "cv_f1_mean": 0.3897223290581818,
    "classification_report": {
      "-1": {
        "precision": 0.8406219630709426,
        "recall": 1.0,
        "f1-score": 0.9134107708553326,
        "support": 865.0
      },
      "0": {
        "precision": 1.0,
        "recall": 0.8608215818516247,
        "f1-score": 0.9252059308072488,
        "support": 1631.0
      },
      "1": {
        "precision": 0.9262926292629263,
        "recall": 0.9952718676122931,
        "f1-score": 0.9595441595441595,
        "support": 846.0
      },
      "accuracy": 0.9308797127468582,
      "macro avg": {
        "precision": 0.9223048641112896,
        "recall": 0.952031149821306,
        "f1-score": 0.9327202870689136,
        "support": 3342.0
      },
      "weighted avg": {
        "precision": 0.9400902341151408,
        "recall": 0.9308797127468582,
        "f1-score": 0.9308454664604562,