{
  "symbols": [
    "SOLUSDT"
  ],
  "interval_display": "15m",
  "ml_mtf_enabled": false,
  "hyperparams": {},
  "rf_metrics": {
    "accuracy": 0.8476521739130435,
    "cv_mean": 0.3453027139874739,
    "cv_std": 0.02323244717034414,
    "classification_report": {
      "-1": {
        "precision": 0.8307267709291628,
        "recall": 0.9923076923076923,
        "f1-score": 0.9043565348022033,
        "support": 910.0
      },
      "0": {
        "precision": 0.9938461538461538,
        "recall": 0.60543580131209,
        "f1-score": 0.7524752475247525,
        "support": 1067.0
      },
      "1": {
        "precision": 0.7803163444639719,
        "recall": 0.9888641425389755,
        "f1-score": 0.8722986247544204,
        "support": 898.0
      },
      "accuracy": 0.8476521739130435,
      "macro avg": {
        "precision": 0.8682964230797628,
        "recall": 0.8622025453862525,
        "f1-score": 0.8430434690271253,
        "support": 2875.0
      },
      "weighted avg": {
        "precision": 0.8755197513140976,
        "recall": 0.8476521739130435,
        "f1-score": 0.8379755481072645,
        "support": 2875.0
      }
    },
    "confusion_matrix": [
      [
        903,
        1,
        6
      ],
      [
        177,
        646,
        244
      ],
      [
        7,
        3,
        888
      ]
    ],
    "feature_importance": {
      "turnover": 0.018982982064891542,
      "sma_20": 0.029402714291726185,
      "sma_50": 0.029285458420678655,
      "ema_12": 0.025598139660296452,
      "ema_26": 0.02833796032569678,
      "rsi": 0.020229314238205155,
      "atr": 0.03267405004528908,
      "atr_pct": 0.032797087677723706,
      "volume_sma_20": 0.03168320798471308,
      "volume_ratio": 0.021858179512212684,
      "bb_upper": 0.026408473404216162,
      "bb_middle": 0.027298286733631928,
      "bb_lower": 0.03123826661446483,
      "macd": 0.026510535183076354,
      "macd_signal": 0.024905746646147805,
      "adx": 0.03208859425251862,
      "di_plus": 0.03773207808974825,
      "di_minus": 0.023419201679834085,
      "adx_trend_up": 0.0015855589460500735,
      "price_change": 0.01818852669821651,
      "price_change_abs": 0.016594872797916063,
      "volatility_10": 0.027826044953050664,
      "realized_volatility_20": 0.03468349054959461,
      "momentum_3": 0.023507183147119474,
      "momentum_5": 0.020832412139071655,
      "momentum_10": 0.02171109575362903,
      "dist_to_sma20_pct": 0.02202994403631225,
      "dist_to_ema12_pct": 0.020627099559614143,
      "bb_position": 0.0188412732101763,
      "near_bb_upper": 0.00013588392695081095,
      "near_bb_lower": 0.00016221076054116795,
      "rsi_oversold": 0.0005458350374542761,
      "rsi_overbought": 0.0007192345695761224,
      "ema12_above_ema26": 0.0027380386858839607,
      "ob_imbalance": 0.0,
      "ob_imbalance_5": 0.0,
      "ob_imbalance_20": 0.0,
      "hour": 0.022471352356632255,
      "day_of_week": 0.009083526222671064,
      "hour_sin": 0.020587162715460287,
      "hour_cos": 0.020264760431605112,
      "dow_sin": 0.012926072644176577,
      "dow_cos": 0.005477414956149579,
      "close_lag_1": 0.024525371248366342,
      "volume_lag_1": 0.020029905069578552,
      "price_change_lag_1": 0.016584169352732082,
      "close_lag_2": 0.021639382744509886,
      "volume_lag_2": 0.019313899587189282,
      "price_change_lag_2": 0.01600147177839074,
      "close_lag_3": 0.021126353143517143,
      "volume_lag_3": 0.01976123557818167,
      "price_change_lag_3": 0.01902894057461095
    }
  },
  "xgb_metrics": {
    "accuracy": 0.9384347826086956,
    "cv_mean": 0.35448851774530266,
    "cv_std": 0.024680612452829487,
    "classification_report": {
      "-1": {
        "precision": 0.9164149043303121,
        "recall": 1.0,
        "f1-score": 0.9563846558066211,
        "support": 910.0
      },
      "0": {
        "precision": 1.0,
        "recall": 0.8397375820056232,
        "f1-score": 0.912888436067244,
        "support": 1067.0
      },
      "1": {
        "precision": 0.9046653144016227,
        "recall": 0.9933184855233853,
        "f1-score": 0.9469214437367304,
        "support": 898.0
      },
      "accuracy": 0.9384347826086956,
      "macro avg": {
        "precision": 0.9403600729106448,
        "recall": 0.9443520225096695,
        "f1-score": 0.9387315118701984,
        "support": 2875.0
      },
      "weighted avg": {
        "precision": 0.94376591835591,
        "recall": 0.9384347826086956,
        "f1-score": 0.937286071145516,
        "support": 2875.0
      }
    },
    "confusion_matrix": [
      [
        910,
        0,
        0
      ],
      [
        77,
        896,
        94
      ],
      [
        6,
        0,
        892
      ]
    ],
    "feature_importance": {
      "turnover": "0.015733106",
      "sma_20": "0.021072038",
      "sma_50": "0.032408338",
      "ema_12": "0.02755238",
      "ema_26": "0.032010686",
      "rsi": "0.019583253",
      "atr": "0.02191877",
      "atr_pct": "0.035452507",
      "volume_sma_20": "0.026867589",
      "volume_ratio": "0.015382857",
      "bb_upper": "0.021242121",
      "bb_middle": "0.0",
      "bb_lower": "0.030865146",
      "macd": "0.023636343",
      "macd_signal": "0.022285264",
      "adx": "0.028387304",
      "di_plus": "0.02875298",
      "di_minus": "0.027470428",
      "adx_trend_up": "0.01588445",
      "price_change": "0.015558728",
      "price_change_abs": "0.013281481",
      "volatility_10": "0.023692928",
      "realized_volatility_20": "0.030816678",
      "momentum_3": "0.019164631",
      "momentum_5": "0.021030255",
      "momentum_10": "0.019406784",
      "dist_to_sma20_pct": "0.024183372",
      "dist_to_ema12_pct": "0.022776116",
      "bb_position": "0.020109976",
      "near_bb_upper": "0.0",
      "near_bb_lower": "0.0",
      "rsi_oversold": "0.0",
      "rsi_overbought": "0.0",
      "ema12_above_ema26": "0.0",
      "ob_imbalance": "0.0",
      "ob_imbalance_5": "0.0",
      "ob_imbalance_20": "0.0",
      "hour": "0.030852264",
      "day_of_week": "0.0263684",
      "hour_sin": "0.028519625",
      "hour_cos": "0.025113301",
      "dow_sin": "0.029042434",
      "dow_cos": "0.040364858",
      "close_lag_1": "0.02855883",
      "volume_lag_1": "0.016444778",
      "price_change_lag_1": "0.013395572",
      "close_lag_2": "0.020016927",
      "volume_lag_2": "0.015249124",
      "price_change_lag_2": "0.014402238",
      "close_lag_3": "0.023663424",
      "volume_lag_3": "0.016434057",
      "price_change_lag_3": "0.015047614"
    }
  },
  "ensemble_metrics": {
    "accuracy": 0.920695652173913,
    "precision": 0.9294887672937837,
    "recall": 0.920695652173913,
    "f1_score": 0.9185537391055553,
    "cv_mean": 0.3561586638830898,
    "cv_std": 0.025657271809164457,
    "cv_precision_mean": 0.37078881175089445,
    "cv_recall_mean": 0.3561586638830898,
    "cv_f1_mean": 0.35201407376989263,
    "classification_report": {
      "-1": {
        "precision": 0.9000989119683481,
        "recall": 1.0,
        "f1-score": 0.9474232170744404,
        "support": 910.0
      },
      "0": {
        "precision": 1.0,
        "recall": 0.7910028116213683,
        "f1-score": 0.8833071690214548,
        "support": 1067.0
      },
      "1": {
        "precision": 0.8754901960784314,
        "recall": 0.9944320712694877,
        "f1-score": 0.9311783107403545,
        "support": 898.0
      },
      "accuracy": 0.920695652173913,
      "macro avg": {
        "precision": 0.9251963693489266,
        "recall": 0.928478294296952,
        "f1-score": 0.9206362322787499,
        "support": 2875.0
      },
      "weighted avg": {
        "precision": 0.9294887672937837,
        "recall": 0.920695652173913,
        "f1-score": 0.9185537391055553,
        "support": 2875.0
      }
    },