{
  "symbols": [
    "BNBUSDT"
  ],
  "interval_display": "15m",
  "ml_mtf_enabled": false,
  "hyperparams": {},
  "rf_metrics": {
    "accuracy": 0.8533007334963325,
    "cv_mean": 0.3836477987421384,
    "cv_std": 0.04730704472140323,
    "classification_report": {
      "-1": {
        "precision": 0.7162162162162162,
        "recall": 0.9971056439942113,
        "f1-score": 0.8336358136721113,
        "support": 691.0
      },
      "0": {
        "precision": 1.0,
        "recall": 0.7144856543037089,
        "f1-score": 0.833469387755102,
        "support": 1429.0
      },
      "1": {
        "precision": 0.8329545454545455,
        "recall": 0.9865410497981157,
        "f1-score": 0.9032655576093653,
        "support": 743.0
      },
      "accuracy": 0.8533007334963325,
      "macro avg": {
        "precision": 0.8497235872235872,
        "recall": 0.8993774493653452,
        "f1-score": 0.856790253012193,
        "support": 2863.0
      },
      "weighted avg": {
        "precision": 0.8881560016339968,
        "recall": 0.8533007334963325,
        "f1-score": 0.8516229170985777,
        "support": 2863.0
      }
    },
    "confusion_matrix": [
      [
        689,
        0,
        2
      ],
      [
        263,
        1021,
        145
      ],
      [
        10,
        0,
        733
      ]
    ],
    "feature_importance": {
      "turnover": 0.019001852675344485,
      "sma_20": 0.030243645170339,
      "sma_50": 0.032192068166169735,
      "ema_12": 0.024679718226936567,
      "ema_26": 0.027656925151921842,
      "rsi": 0.027061414092058523,
      "atr": 0.033522986609055345,
      "atr_pct": 0.03235695231984228,
      "volume_sma_20": 0.0321267952760501,
      "volume_ratio": 0.016498846588908843,
      "bb_upper": 0.02527519727047372,
      "bb_middle": 0.02826870017209921,
      "bb_lower": 0.03584976765897185,
      "macd": 0.02787692293426726,
      "macd_signal": 0.030194868397007045,
      "adx": 0.03287444393599988,
      "di_plus": 0.025086533238110952,
      "di_minus": 0.023085087354053204,
      "adx_trend_up": 0.0012733385996265504,
      "price_change": 0.017770029933103466,
      "price_change_abs": 0.015567051700943867,
      "volatility_10": 0.03238762688646401,
      "realized_volatility_20": 0.035042524842903953,
      "momentum_3": 0.02029566540561206,
      "momentum_5": 0.02111596185813721,
      "momentum_10": 0.024240782073535902,
      "dist_to_sma20_pct": 0.019778139976846614,
      "dist_to_ema12_pct": 0.022255809175380625,
      "bb_position": 0.025600145245644357,
      "near_bb_upper": 0.00010447231156596171,
      "near_bb_lower": 4.096293058102971e-05,
      "rsi_oversold": 0.00014188025055547623,
      "rsi_overbought": 0.0004522625764066829,
      "ema12_above_ema26": 0.001159156564400886,
      "ob_imbalance": 0.0,
      "ob_imbalance_5": 0.0,
      "ob_imbalance_20": 0.0,
      "hour": 0.022362019136702594,
      "day_of_week": 0.014203804376329175,
      "hour_sin": 0.016225041188307303,
      "hour_cos": 0.02301713320717014,
      "dow_sin": 0.015720037960550465,
      "dow_cos": 0.009538026279192226,
      "close_lag_1": 0.01833379318985333,
      "volume_lag_1": 0.01870124769233084,
      "price_change_lag_1": 0.015753887610968968,
      "close_lag_2": 0.01848144559980869,
      "volume_lag_2": 0.018580769625499264,
      "price_change_lag_2": 0.016027156156571087,
      "close_lag_3": 0.018777756620537277,
      "volume_lag_3": 0.018179255400844127,
      "price_change_lag_3": 0.015020090386016023
    }
  },
  "xgb_metrics": {
    "accuracy": 0.924554662940971,
    "cv_mean": 0.40041928721174,
    "cv_std": 0.04984053523561999,
    "classification_report": {
      "-1": {
        "precision": 0.8363636363636363,
        "recall": 0.9985528219971056,
        "f1-score": 0.9102902374670184,
        "support": 691.0
      },
      "0": {
        "precision": 0.9991769547325103,
        "recall": 0.8495451364590623,
        "f1-score": 0.9183055975794251,
        "support": 1429.0
      },
      "1": {
        "precision": 0.9027946537059538,
        "recall": 1.0,
        "f1-score": 0.9489144316730523,
        "support": 743.0
      },
      "accuracy": 0.924554662940971,
      "macro avg": {
        "precision": 0.9127784149340336,
        "recall": 0.9493659861520559,
        "f1-score": 0.9258367555731652,
        "support": 2863.0
      },
      "weighted avg": {
        "precision": 0.9348681693131516,
        "recall": 0.924554662940971,
        "f1-score": 0.924314591604536,
        "support": 2863.0
      }
    },
    "confusion_matrix": [
      [
        690,
        1,
        0
      ],
      [
        135,
        1214,
        80
      ],
      [
        0,
        0,
        743
      ]
    ],
    "feature_importance": {
      "turnover": "0.015559428",
      "sma_20": "0.020984283",
      "sma_50": "0.02724413",
      "ema_12": "0.037228238",
      "ema_26": "0.03426673",
      "rsi": "0.020605747",
      "atr": "0.020131161",
      "atr_pct": "0.036531255",
      "volume_sma_20": "0.02362448",
      "volume_ratio": "0.015204974",
      "bb_upper": "0.025653215",
      "bb_middle": "0.0",
      "bb_lower": "0.035608847",
      "macd": "0.024373317",
      "macd_signal": "0.025578747",
      "adx": "0.025087813",
      "di_plus": "0.02563616",
      "di_minus": "0.01887679",
      "adx_trend_up": "0.013592553",
      "price_change": "0.014047275",
      "price_change_abs": "0.014397637",
      "volatility_10": "0.026989192",
      "realized_volatility_20": "0.028130526",
      "momentum_3": "0.020608045",
      "momentum_5": "0.021069903",
      "momentum_10": "0.02081183",
      "dist_to_sma20_pct": "0.024631608",
      "dist_to_ema12_pct": "0.02205415",
      "bb_position": "0.029108893",
      "near_bb_upper": "0.0",
      "near_bb_lower": "0.0",
      "rsi_oversold": "0.0",
      "rsi_overbought": "0.0",
      "ema12_above_ema26": "0.0",
      "ob_imbalance": "0.0",
      "ob_imbalance_5": "0.0",
      "ob_imbalance_20": "0.0",
      "hour": "0.025285285",
      "day_of_week": "0.030004574",
      "hour_sin": "0.024188522",
      "hour_cos": "0.034977287",
      "dow_sin": "0.03329287",
      "dow_cos": "0.029608343",
      "close_lag_1": "0.022326227",
      "volume_lag_1": "0.015931234",
      "price_change_lag_1": "0.014756877",
      "close_lag_2": "0.020076176",
      "volume_lag_2": "0.015201426",
      "price_change_lag_2": "0.01538243",
      "close_lag_3": "0.020481663",
      "volume_lag_3": "0.01579903",
      "price_change_lag_3": "0.015051073"
    }
  },
  "ensemble_metrics": {
    "accuracy": 0.9203632553265805,
    "precision": 0.9321982879021008,
    "recall": 0.9203632553265805,
    "f1_score": 0.9201252891840301,
    "cv_mean": 0.39916142557651996,
    "cv_std": 0.04748508660413291,
    "cv_precision_mean": 0.41572958159593965,
    "cv_recall_mean": 0.39916142557651996,
    "cv_f1_mean": 0.3833523518082841,
    "classification_report": {
      "-1": {
        "precision": 0.8235995232419547,
        "recall": 1.0,
        "f1-score": 0.9032679738562092,
        "support": 691.0
      },
      "0": {
        "precision": 1.0,
        "recall": 0.8404478656403079,
        "f1-score": 0.9133079847908745,
        "support": 1429.0
      },
      "1": {
        "precision": 0.9027946537059538,
        "recall": 1.0,
        "f1-score": 0.9489144316730523,
        "support": 743.0
      },
      "accuracy": 0.9203632553265805,
      "macro avg": {
        "precision": 0.9087980589826362,
        "recall": 0.946815955213436,
        "f1-score": 0.921830130106712,
        "support": 2863.0
      },
      "weighted avg": {
        "precision": 0.9321982879021008,
        "recall": 0.9203632553265805,
        "f1-score": 0.9201252891840301,
        "support": 2863.0
      }
    },