{
  "symbols": [
    "XRPUSDT"
  ],
  "interval_display": "15m",
  "ml_mtf_enabled": false,
  "hyperparams": {
    "training_days_15m": 60,
    "training_days_1h": 180,
    "forward_periods_15m": 5,
    "forward_periods_1h": 8,
    "threshold_pct_15m": 0.35,
    "threshold_pct_1h": 0.8,
    "min_profit_pct_15m": 0.33,
    "min_profit_pct_1h": 0.8,
    "rf_n_estimators": 220,
    "rf_max_depth": 12,
    "xgb_n_estimators": 260,
    "xgb_max_depth": 6,
    "xgb_learning_rate": 0.045
  },
  "rf_metrics": {
    "accuracy": 0.8452028556503569,
    "cv_mean": 0.34420062695924764,
    "cv_std": 0.04598935903353377,
    "classification_report": {
      "-1": {
        "precision": 0.7283066554338669,
        "recall": 0.9976918638199653,
        "f1-score": 0.8419771122473825,
        "support": 1733.0
      },
      "0": {
        "precision": 0.9994008388256441,
        "recall": 0.6569515557306026,
        "f1-score": 0.7927756653992395,
        "support": 2539.0
      },
      "1": {
        "precision": 0.8570588235294118,
        "recall": 0.990482664853841,
        "f1-score": 0.9189530116682435,
        "support": 1471.0
      },
      "accuracy": 0.8452028556503569,
      "macro avg": {
        "precision": 0.8615887725963076,
        "recall": 0.8817086948014697,
        "f1-score": 0.8512352631049551,
        "support": 5743.0
      },
      "weighted avg": {
        "precision": 0.8811366346956236,
        "recall": 0.8452028556503569,
        "f1-score": 0.8399414295903481,
        "support": 5743.0
      }
    },
    "confusion_matrix": [
      [
        1729,
        1,
        3
      ],
      [
        631,
        1668,
        240
      ],
      [
        14,
        0,
        1457
      ]
    ],
    "feature_importance": {
      "turnover": 0.018795727247801788,
      "sma_20": 0.02561014612086156,
      "sma_50": 0.03591279393989474,
      "ema_12": 0.02564984461037942,
      "ema_26": 0.026431610900622862,
      "rsi": 0.020206858077433623,
      "atr": 0.038211821270464755,
      "atr_pct": 0.03999886379777956,
      "volume_sma_20": 0.03253421232640843,
      "volume_ratio": 0.01730293748089392,
      "bb_upper": 0.02791353050315744,
      "bb_middle": 0.024778763196983158,
      "bb_lower": 0.030476561005810948,
      "macd": 0.026324834644205194,
      "macd_signal": 0.030017979383631002,
      "adx": 0.03097076797785362,
      "di_plus": 0.024190072975173574,
      "di_minus": 0.025241146134829317,
      "adx_trend_up": 0.0016977634523362096,
      "price_change": 0.016730519236213392,
      "price_change_abs": 0.01618985827210084,
      "volatility_10": 0.027367006251415495,
      "realized_volatility_20": 0.035667413130529096,
      "momentum_3": 0.018687468356694374,
      "momentum_5": 0.02006302272002308,
      "momentum_10": 0.023141458356303858,
      "dist_to_sma20_pct": 0.02140443252650184,
      "dist_to_ema12_pct": 0.01868733078296114,
      "bb_position": 0.01981820218304991,
      "near_bb_upper": 0.0007006527067686287,
      "near_bb_lower": 0.00025534577549446853,
      "rsi_oversold": 0.000326577679890833,
      "rsi_overbought": 0.00027848151578104967,
      "ema12_above_ema26": 0.002651465421764294,
      "ob_imbalance": 0.0,
      "ob_imbalance_5": 0.0,
      "ob_imbalance_20": 0.0,
      "hour": 0.022568835296928828,
      "day_of_week": 0.011228512961373685,
      "hour_sin": 0.016969657380867777,
      "hour_cos": 0.022544382487538994,
      "dow_sin": 0.014889461548548862,
      "dow_cos": 0.007594461547300492,
      "close_lag_1": 0.024180983332225483,
      "volume_lag_1": 0.02107833486664814,
      "price_change_lag_1": 0.014055580255593022,
      "close_lag_2": 0.023655397657542848,
      "volume_lag_2": 0.022643414489668206,
      "price_change_lag_2": 0.01485368179031265,
      "close_lag_3": 0.02270178095953189,
      "volume_lag_3": 0.021423663377376622,
      "price_change_lag_3": 0.015376382086528861
    }
  },
  "xgb_metrics": {
    "accuracy": 0.8800278600034825,
    "cv_mean": 0.3688610240334378,
    "cv_std": 0.048573047008761375,
    "classification_report": {
      "-1": {
        "precision": 0.8095684803001876,
        "recall": 0.9959607616849394,
        "f1-score": 0.893143596377749,
        "support": 1733.0
      },
      "0": {
        "precision": 0.9994632313472893,
        "recall": 0.7333595903899173,
        "f1-score": 0.845979100408905,
        "support": 2539.0
      },
      "1": {
        "precision": 0.8386727688787186,
        "recall": 0.9966009517335146,
        "f1-score": 0.9108418763591177,
        "support": 1471.0
      },
      "accuracy": 0.8800278600034825,
      "macro avg": {
        "precision": 0.8825681601753986,
        "recall": 0.9086404346027904,
        "f1-score": 0.8833215243819238,
        "support": 5743.0
      },
      "weighted avg": {
        "precision": 0.9009763126887667,
        "recall": 0.8800278600034825,
        "f1-score": 0.8768252113155338,
        "support": 5743.0
      }
    },
    "confusion_matrix": [
      [
        1726,
        1,
        6
      ],
      [
        401,
        1862,
        276
      ],
      [
        5,
        0,
        1466
      ]
    ],
    "feature_importance": {
      "turnover": "0.014626477",
      "sma_20": "0.019073889",
      "sma_50": "0.033612832",
      "ema_12": "0.029426213",
      "ema_26": "0.025067",
      "rsi": "0.0166797",
      "atr": "0.026036706",
      "atr_pct": "0.04449883",
      "volume_sma_20": "0.025920374",
      "volume_ratio": "0.014966962",
      "bb_upper": "0.033837445",
      "bb_middle": "0.0",
      "bb_lower": "0.034846935",
      "macd": "0.023268173",
      "macd_signal": "0.024149394",
      "adx": "0.0243491",
      "di_plus": "0.02149657",
      "di_minus": "0.022592789",
      "adx_trend_up": "0.022981608",
      "price_change": "0.012707295",
      "price_change_abs": "0.013530868",
      "volatility_10": "0.019401282",
      "realized_volatility_20": "0.03158388",
      "momentum_3": "0.01578539",
      "momentum_5": "0.016398882",
      "momentum_10": "0.020700239",
      "dist_to_sma20_pct": "0.022609573",
      "dist_to_ema12_pct": "0.020296585",
      "bb_position": "0.0187625",
      "near_bb_upper": "0.006742098",
      "near_bb_lower": "0.012932589",
      "rsi_oversold": "0.0",
      "rsi_overbought": "0.0",
      "ema12_above_ema26": "0.0",
      "ob_imbalance": "0.0",
      "ob_imbalance_5": "0.0",
      "ob_imbalance_20": "0.0",
      "hour": "0.027082706",
      "day_of_week": "0.028724423",
      "hour_sin": "0.021304667",
      "hour_cos": "0.031183125",
      "dow_sin": "0.027942173",
      "dow_cos": "0.029202212",
      "close_lag_1": "0.022216035",
      "volume_lag_1": "0.016793767",
      "price_change_lag_1": "0.013282275",
      "close_lag_2": "0.0360015",
      "volume_lag_2": "0.015095057",
      "price_change_lag_2": "0.011544637",
      "close_lag_3": "0.022147339",
      "volume_lag_3": "0.016372629",
      "price_change_lag_3": "0.012225117"
    }
  },
  "ensemble_metrics": {
    "accuracy": 0.8716698589587324,
    "precision": 0.8959273822473147,
    "recall": 0.8716698589587324,
    "f1_score": 0.867852160847559,
    "cv_mean": 0.36363636363636365,
    "cv_std": 0.04652940696710289,
    "cv_precision_mean": 0.36572452628258273,
    "cv_recall_mean": 0.36363636363636365,
    "cv_f1_mean": 0.3274596334159031,
    "classification_report": {
      "-1": {
        "precision": 0.7887773722627737,
        "recall": 0.9976918638199653,
        "f1-score": 0.8810191082802548,
        "support": 1733.0
      },
      "0": {
        "precision": 1.0,
        "recall": 0.7132729421031903,
        "f1-score": 0.8326436781609196,
        "support": 2539.0
      },
      "1": {
        "precision": 0.8425287356321839,
        "recall": 0.9966009517335146,
        "f1-score": 0.913111180317658,
        "support": 1471.0
      },
      "accuracy": 0.8716698589587324,
      "macro avg": {
        "precision": 0.8771020359649858,