{
  "symbols": [
    "XRPUSDT"
  ],
  "interval_display": "1h",
  "ml_mtf_enabled": false,
  "hyperparams": {
    "training_days_15m": 60,
    "training_days_1h": 180,
    "forward_periods_15m": 5,
    "forward_periods_1h": 8,
    "threshold_pct_15m": 0.35,
    "threshold_pct_1h": 0.8,
    "min_profit_pct_15m": 0.33,
    "min_profit_pct_1h": 0.8,
    "rf_n_estimators": 220,
    "rf_max_depth": 12,
    "xgb_n_estimators": 260,
    "xgb_max_depth": 6,
    "xgb_learning_rate": 0.045
  },
  "rf_metrics": {
    "accuracy": 0.8890693896495707,
    "cv_mean": 0.37910863509749304,
    "cv_std": 0.012500727394048393,
    "classification_report": {
      "-1": {
        "precision": 0.7843588269120184,
        "recall": 0.9963476990504018,
        "f1-score": 0.8777348777348777,
        "support": 1369.0
      },
      "0": {
        "precision": 0.9962714392244594,
        "recall": 0.7459519821328866,
        "f1-score": 0.8531289910600255,
        "support": 1791.0
      },
      "1": {
        "precision": 0.9202603742880391,
        "recall": 0.9843342036553525,
        "f1-score": 0.9512195121951219,
        "support": 1149.0
      },
      "accuracy": 0.8890693896495707,
      "macro avg": {
        "precision": 0.9002968801415056,
        "recall": 0.9088779616128804,
        "f1-score": 0.8940277936633416,
        "support": 4309.0
      },
      "weighted avg": {
        "precision": 0.9086768511836892,
        "recall": 0.8890693896495707,
        "f1-score": 0.8871024112600947,
        "support": 4309.0
      }
    },
    "confusion_matrix": [
      [
        1364,
        3,
        2
      ],
      [
        359,
        1336,
        96
      ],
      [
        16,
        2,
        1131
      ]
    ],
    "feature_importance": {
      "turnover": 0.018333338363170873,
      "sma_20": 0.03435697087060287,
      "sma_50": 0.033248022817922634,
      "ema_12": 0.03175262382393437,
      "ema_26": 0.033731843721724976,
      "rsi": 0.021152696994163982,
      "atr": 0.033695712657038655,
      "atr_pct": 0.036457909121396216,
      "volume_sma_20": 0.03344204927282033,
      "volume_ratio": 0.015738314329260636,
      "bb_upper": 0.03516107693901669,
      "bb_middle": 0.029421509732280405,
      "bb_lower": 0.02928372584084792,
      "macd": 0.03087024033125083,
      "macd_signal": 0.037447935133507894,
      "adx": 0.037742459956578024,
      "di_plus": 0.02493762613512695,
      "di_minus": 0.02653058586557756,
      "adx_trend_up": 0.001725175572892924,
      "price_change": 0.012977906311737912,
      "price_change_abs": 0.01267061209724325,
      "volatility_10": 0.023263832596497468,
      "realized_volatility_20": 0.03078416388490726,
      "momentum_3": 0.015458628945435291,
      "momentum_5": 0.017447873613643087,
      "momentum_10": 0.018417525984639957,
      "dist_to_sma20_pct": 0.021635921843273766,
      "dist_to_ema12_pct": 0.018173048708336234,
      "bb_position": 0.019468726179518208,
      "near_bb_upper": 0.0010332033516143972,
      "near_bb_lower": 0.0011682008028204114,
      "rsi_oversold": 0.0007170525232321424,
      "rsi_overbought": 0.0005922978125557898,
      "ema12_above_ema26": 0.002198592968436752,
      "ob_imbalance": 0.0,
      "ob_imbalance_5": 0.0,
      "ob_imbalance_20": 0.0,
      "hour": 0.017263012848311405,
      "day_of_week": 0.02106168082692205,
      "hour_sin": 0.011921210138927059,
      "hour_cos": 0.014199892039694136,
      "dow_sin": 0.021962236534905883,
      "dow_cos": 0.010118006017760067,
      "close_lag_1": 0.026591435860854242,
      "volume_lag_1": 0.01812341909194008,
      "price_change_lag_1": 0.010774480151132658,
      "close_lag_2": 0.025373819720988573,
      "volume_lag_2": 0.019005158690308624,
      "price_change_lag_2": 0.011628256195795023,
      "close_lag_3": 0.022927605551233667,
      "volume_lag_3": 0.01712877992983165,
      "price_change_lag_3": 0.01088360129838833
    }
  },
  "xgb_metrics": {
    "accuracy": 0.9115804130888837,
    "cv_mean": 0.38272980501392756,
    "cv_std": 0.04146022237257576,
    "classification_report": {
      "-1": {
        "precision": 0.8520599250936329,
        "recall": 0.9970781592403214,
        "f1-score": 0.9188825311342982,
        "support": 1369.0
      },
      "0": {
        "precision": 0.9978947368421053,
        "recall": 0.7939698492462312,
        "f1-score": 0.8843283582089553,
        "support": 1791.0
      },
      "1": {
        "precision": 0.890015600624025,
        "recall": 0.9930374238468234,
        "f1-score": 0.9387083504730563,
        "support": 1149.0
      },
      "accuracy": 0.9115804130888837,
      "macro avg": {
        "precision": 0.9133234208532542,
        "recall": 0.9280284774444586,
        "f1-score": 0.9139730799387699,
        "support": 4309.0
      },
      "weighted avg": {
        "precision": 0.9227958775248083,
        "recall": 0.9115804130888837,
        "f1-score": 0.9098069550635031,
        "support": 4309.0
      }
    },
    "confusion_matrix": [
      [
        1365,
        2,
        2
      ],
      [
        230,
        1422,
        139
      ],
      [
        7,
        1,
        1141
      ]
    ],
    "feature_importance": {
      "turnover": "0.015337882",
      "sma_20": "0.022917034",
      "sma_50": "0.031813424",
      "ema_12": "0.039281514",
      "ema_26": "0.03904108",
      "rsi": "0.019184297",
      "atr": "0.024662552",
      "atr_pct": "0.03060142",
      "volume_sma_20": "0.027263343",
      "volume_ratio": "0.014524855",
      "bb_upper": "0.03913509",
      "bb_middle": "0.0",
      "bb_lower": "0.0345708",
      "macd": "0.025299255",
      "macd_signal": "0.031628754",
      "adx": "0.025394458",
      "di_plus": "0.020853985",
      "di_minus": "0.023418348",
      "adx_trend_up": "0.024636397",
      "price_change": "0.010494102",
      "price_change_abs": "0.01189973",
      "volatility_10": "0.02021655",
      "realized_volatility_20": "0.025428621",
      "momentum_3": "0.01244982",
      "momentum_5": "0.018707722",
      "momentum_10": "0.015716588",
      "dist_to_sma20_pct": "0.020620357",
      "dist_to_ema12_pct": "0.019125415",
      "bb_position": "0.022244887",
      "near_bb_upper": "0.03325722",
      "near_bb_lower": "0.0",
      "rsi_oversold": "0.0",
      "rsi_overbought": "0.0",
      "ema12_above_ema26": "0.0",
      "ob_imbalance": "0.0",
      "ob_imbalance_5": "0.0",
      "ob_imbalance_20": "0.0",
      "hour": "0.020526716",
      "day_of_week": "0.034216095",
      "hour_sin": "0.014705951",
      "hour_cos": "0.022913324",
      "dow_sin": "0.03665664",
      "dow_cos": "0.024687868",
      "close_lag_1": "0.035363328",
      "volume_lag_1": "0.01388548",
      "price_change_lag_1": "0.009322133",
      "close_lag_2": "0.019087743",
      "volume_lag_2": "0.016452514",
      "price_change_lag_2": "0.011612999",
      "close_lag_3": "0.014328516",
      "volume_lag_3": "0.016637256",
      "price_change_lag_3": "0.009877871"
    }
  },
  "ensemble_metrics": {
    "accuracy": 0.9115804130888837,
    "precision": 0.9234415758236729,
    "recall": 0.9115804130888837,
    "f1_score": 0.9100168682747312,
    "cv_mean": 0.3799442896935933,
    "cv_std": 0.04095181220586484,
    "cv_precision_mean": 0.42200275606062715,
    "cv_recall_mean": 0.3799442896935933,
    "cv_f1_mean": 0.3601056428021966,
    "classification_report": {
      "-1": {
        "precision": 0.8358848744641764,
        "recall": 0.9970781592403214,
        "f1-score": 0.9093937375083277,
        "support": 1369.0
      },
      "0": {
        "precision": 0.9971949509116409,
        "recall": 0.7939698492462312,
        "f1-score": 0.8840534659620765,
        "support": 1791.0
      },
      "1": {
        "precision": 0.9128,
        "recall": 0.9930374238468234,
        "f1-score": 0.9512296790329304,
        "support": 1149.0
      },
      "accuracy": 0.9115804130888837,
      "macro avg": {
        "precision": 0.9152932751252724,