{
  "symbols": [
    "BTCUSDT"
  ],
  "interval_display": "15m",
  "ml_mtf_enabled": false,
  "hyperparams": {},
  "rf_metrics": {
    "accuracy": 0.8427826086956521,
    "cv_mean": 0.3874739039665971,
    "cv_std": 0.04414054375416288,
    "classification_report": {
      "-1": {
        "precision": 0.7264618434093162,
        "recall": 0.9972789115646259,
        "f1-score": 0.8405963302752294,
        "support": 735.0
      },
      "0": {
        "precision": 0.9928861788617886,
        "recall": 0.689484827099506,
        "f1-score": 0.8138275718450646,
        "support": 1417.0
      },
      "1": {
        "precision": 0.808390022675737,
        "recall": 0.9861687413554634,
        "f1-score": 0.8884735202492212,
        "support": 723.0
      },
      "accuracy": 0.8427826086956521,
      "macro avg": {
        "precision": 0.842579348315614,
        "recall": 0.890977493339865,
        "f1-score": 0.8476324741231718,
        "support": 2875.0
      },
      "weighted avg": {
        "precision": 0.878377445825238,
        "recall": 0.8427826086956521,
        "f1-score": 0.839442896416326,
        "support": 2875.0
      }
    },
    "confusion_matrix": [
      [
        733,
        2,
        0
      ],
      [
        271,
        977,
        169
      ],
      [
        5,
        5,
        713
      ]
    ],
    "feature_importance": {
      "turnover": 0.01718796261540428,
      "sma_20": 0.033662657337975854,
      "sma_50": 0.031146921169032366,
      "ema_12": 0.026329432570368138,
      "ema_26": 0.026357809364014807,
      "rsi": 0.021766185419080816,
      "atr": 0.03593044579303851,
      "atr_pct": 0.03064654927865154,
      "volume_sma_20": 0.029114411322188904,
      "volume_ratio": 0.018633687348861328,
      "bb_upper": 0.030378098825981827,
      "bb_middle": 0.027234611104717258,
      "bb_lower": 0.03264473019427197,
      "macd": 0.030594687166940592,
      "macd_signal": 0.027258384302117494,
      "adx": 0.02853437125465403,
      "di_plus": 0.030375059771554497,
      "di_minus": 0.027195079533321717,
      "adx_trend_up": 0.003468360536388066,
      "price_change": 0.016287178980004056,
      "price_change_abs": 0.01476486969699708,
      "volatility_10": 0.028343123955527242,
      "realized_volatility_20": 0.03014131848164613,
      "momentum_3": 0.017396641449442477,
      "momentum_5": 0.021727978758220617,
      "momentum_10": 0.019759829068797877,
      "dist_to_sma20_pct": 0.02315916371925576,
      "dist_to_ema12_pct": 0.02070583129707737,
      "bb_position": 0.021786951043869043,
      "near_bb_upper": 5.80961396970869e-05,
      "near_bb_lower": 2.6651649347976628e-06,
      "rsi_oversold": 0.0004778291292833145,
      "rsi_overbought": 0.000976782448073692,
      "ema12_above_ema26": 0.001405585356423148,
      "ob_imbalance": 0.0,
      "ob_imbalance_5": 0.0,
      "ob_imbalance_20": 0.0,
      "hour": 0.020920120311438754,
      "day_of_week": 0.010840929605535659,
      "hour_sin": 0.024633928643291395,
      "hour_cos": 0.02106430840565544,
      "dow_sin": 0.01470295733958717,
      "dow_cos": 0.009286406204386696,
      "close_lag_1": 0.022729777397094364,
      "volume_lag_1": 0.01735356249192399,
      "price_change_lag_1": 0.01449703625829188,
      "close_lag_2": 0.022528306008560567,
      "volume_lag_2": 0.01940732037288184,
      "price_change_lag_2": 0.015286236507158001,
      "close_lag_3": 0.02426885587512345,
      "volume_lag_3": 0.020904746913495077,
      "price_change_lag_3": 0.016122218067762116
    }
  },
  "xgb_metrics": {
    "accuracy": 0.9356521739130435,
    "cv_mean": 0.41753653444676414,
    "cv_std": 0.06689711927681102,
    "classification_report": {
      "-1": {
        "precision": 0.8739595719381689,
        "recall": 1.0,
        "f1-score": 0.932741116751269,
        "support": 735.0
      },
      "0": {
        "precision": 1.0,
        "recall": 0.8694424841213833,
        "f1-score": 0.9301623254058136,
        "support": 1417.0
      },
      "1": {
        "precision": 0.9014962593516209,
        "recall": 1.0,
        "f1-score": 0.9481967213114754,
        "support": 723.0
      },
      "accuracy": 0.9356521739130435,
      "macro avg": {
        "precision": 0.9251519437632633,
        "recall": 0.9564808280404611,
        "f1-score": 0.9370333878228526,
        "support": 2875.0
      },
      "weighted avg": {
        "precision": 0.9430059411776612,
        "recall": 0.9356521739130435,
        "f1-score": 0.9353568575375365,
        "support": 2875.0
      }
    },
    "confusion_matrix": [
      [
        735,
        0,
        0
      ],
      [
        106,
        1232,
        79
      ],
      [
        0,
        0,
        723
      ]
    ],
    "feature_importance": {
      "turnover": "0.014666094",
      "sma_20": "0.019809546",
      "sma_50": "0.028619034",
      "ema_12": "0.030683868",
      "ema_26": "0.043347307",
      "rsi": "0.02193693",
      "atr": "0.022509104",
      "atr_pct": "0.0365803",
      "volume_sma_20": "0.023209687",
      "volume_ratio": "0.0151831005",
      "bb_upper": "0.026214192",
      "bb_middle": "0.0",
      "bb_lower": "0.03558694",
      "macd": "0.025712105",
      "macd_signal": "0.02229933",
      "adx": "0.020468822",
      "di_plus": "0.024172481",
      "di_minus": "0.022602959",
      "adx_trend_up": "0.026726812",
      "price_change": "0.012141849",
      "price_change_abs": "0.012976411",
      "volatility_10": "0.022798788",
      "realized_volatility_20": "0.022865253",
      "momentum_3": "0.015259995",
      "momentum_5": "0.022037145",
      "momentum_10": "0.018430477",
      "dist_to_sma20_pct": "0.02409023",
      "dist_to_ema12_pct": "0.018698828",
      "bb_position": "0.019102497",
      "near_bb_upper": "0.0",
      "near_bb_lower": "0.0",
      "rsi_oversold": "0.0",
      "rsi_overbought": "0.015593885",
      "ema12_above_ema26": "0.0",
      "ob_imbalance": "0.0",
      "ob_imbalance_5": "0.0",
      "ob_imbalance_20": "0.0",
      "hour": "0.027894733",
      "day_of_week": "0.031191671",
      "hour_sin": "0.029124169",
      "hour_cos": "0.027405564",
      "dow_sin": "0.033806298",
      "dow_cos": "0.033167183",
      "close_lag_1": "0.021962114",
      "volume_lag_1": "0.016346537",
      "price_change_lag_1": "0.011752961",
      "close_lag_2": "0.024401216",
      "volume_lag_2": "0.014325014",
      "price_change_lag_2": "0.014487134",
      "close_lag_3": "0.02165609",
      "volume_lag_3": "0.015592631",
      "price_change_lag_3": "0.012562772"
    }
  },
  "ensemble_metrics": {
    "accuracy": 0.9248695652173913,
    "precision": 0.9347708045215046,
    "recall": 0.9248695652173913,
    "f1_score": 0.9244241016832213,
    "cv_mean": 0.4158663883089771,
    "cv_std": 0.06775680168500303,
    "cv_precision_mean": 0.41556174105171034,
    "cv_recall_mean": 0.4158663883089771,
    "cv_f1_mean": 0.38764842684454537,
    "classification_report": {
      "-1": {
        "precision": 0.8526682134570766,
        "recall": 1.0,
        "f1-score": 0.9204758922980588,
        "support": 735.0
      },
      "0": {
        "precision": 1.0,
        "recall": 0.8475652787579393,
        "f1-score": 0.917494270435447,
        "support": 1417.0
      },
      "1": {
        "precision": 0.8903940886699507,
        "recall": 1.0,
        "f1-score": 0.9420195439739414,
        "support": 723.0
      },
      "accuracy": 0.9248695652173913,
      "macro avg": {
        "precision": 0.914354100709009,
        "recall": 0.9491884262526464,
        "f1-score": 0.926663235569149,
        "support": 2875.0
      },
      "weighted avg": {
        "precision": 0.9347708045215046,
        "recall": 0.9248695652173913,
        "f1-score": 0.9244241016832213,
        "support": 2875.0
      }
    },
    "confusion_matrix": [
      [
        735,
        0,
        0
      ],
      [
        127,
        1201,
        89
      ],
      [
        0,
        0,
        723
      ]
    ],