{
  "symbols": [
    "BTCUSDT"
  ],
  "interval_display": "1h",
  "ml_mtf_enabled": false,
  "hyperparams": {},
  "rf_metrics": {
    "accuracy": 0.7669294990723562,
    "cv_mean": 0.4632311977715878,
    "cv_std": 0.03927082684919689,
    "classification_report": {
      "-1": {
        "precision": 0.5816917728852838,
        "recall": 0.997020854021847,
        "f1-score": 0.73472374679839,
        "support": 1007.0
      },
      "0": {
        "precision": 1.0,
        "recall": 0.5973377703826955,
        "f1-score": 0.7479166666666667,
        "support": 2404.0
      },
      "1": {
        "precision": 0.7539130434782608,
        "recall": 0.9622641509433962,
        "f1-score": 0.8454412481716236,
        "support": 901.0
      },
      "accuracy": 0.7669294990723562,
      "macro avg": {
        "precision": 0.7785349387878483,
        "recall": 0.8522075917826463,
        "f1-score": 0.7760272205455602,
        "support": 4312.0
      },
      "weighted avg": {
        "precision": 0.8508903681515292,
        "recall": 0.7669294990723562,
        "f1-score": 0.7652136002540071,
        "support": 4312.0
      }
    },
    "confusion_matrix": [
      [
        1004,
        0,
        3
      ],
      [
        688,
        1436,
        280
      ],
      [
        34,
        0,
        867
      ]
    ],
    "feature_importance": {
      "turnover": 0.01914585936371508,
      "sma_20": 0.03430298074731052,
      "sma_50": 0.03473266277648218,
      "ema_12": 0.03553877157872514,
      "ema_26": 0.03765570526462323,
      "rsi": 0.02073556036987578,
      "atr": 0.028960041135029594,
      "atr_pct": 0.03108403957792632,
      "volume_sma_20": 0.026356159719989093,
      "volume_ratio": 0.018791185073560243,
      "bb_upper": 0.030538388305941702,
      "bb_middle": 0.03028443606732603,
      "bb_lower": 0.03413752227442689,
      "macd": 0.03727119552477871,
      "macd_signal": 0.025371924537881653,
      "adx": 0.03281754732059543,
      "di_plus": 0.035103205571315674,
      "di_minus": 0.028322713716472922,
      "adx_trend_up": 0.0017648589643232552,
      "price_change": 0.009108626167420536,
      "price_change_abs": 0.011608765551655383,
      "volatility_10": 0.0260719126469448,
      "realized_volatility_20": 0.0336976500275051,
      "momentum_3": 0.012221549618411338,
      "momentum_5": 0.016105356334934283,
      "momentum_10": 0.016643662224709647,
      "dist_to_sma20_pct": 0.021587162326658058,
      "dist_to_ema12_pct": 0.014697228179312969,
      "bb_position": 0.017510110729847678,
      "near_bb_upper": 0.00012543120970504807,
      "near_bb_lower": 0.00012152010499709262,
      "rsi_oversold": 0.0006072694687096514,
      "rsi_overbought": 0.0010186184156873506,
      "ema12_above_ema26": 0.004293722417674894,
      "ob_imbalance": 0.0,
      "ob_imbalance_5": 0.0,
      "ob_imbalance_20": 0.0,
      "hour": 0.01608307379451244,
      "day_of_week": 0.02425642325850949,
      "hour_sin": 0.01275180838411192,
      "hour_cos": 0.0144873475048464,
      "dow_sin": 0.032868097624315806,
      "dow_cos": 0.014172286413401127,
      "close_lag_1": 0.028234286410255157,
      "volume_lag_1": 0.016001229667390104,
      "price_change_lag_1": 0.007489711758608614,
      "close_lag_2": 0.027966407317200126,
      "volume_lag_2": 0.015783867731139975,
      "price_change_lag_2": 0.008211338578987615,
      "close_lag_3": 0.029756340779630693,
      "volume_lag_3": 0.014261947861495683,
      "price_change_lag_3": 0.009342489601121612
    }
  },
  "xgb_metrics": {
    "accuracy": 0.8805658627087198,
    "cv_mean": 0.4665738161559889,
    "cv_std": 0.048045092787354714,
    "classification_report": {
      "-1": {
        "precision": 0.7704667176740627,
        "recall": 1.0,
        "f1-score": 0.8703543647363872,
        "support": 1007.0
      },
      "0": {
        "precision": 1.0,
        "recall": 0.7857737104825291,
        "f1-score": 0.8800372699743769,
        "support": 2404.0
      },
      "1": {
        "precision": 0.807347670250896,
        "recall": 1.0,
        "f1-score": 0.8934060485870104,
        "support": 901.0
      },
      "accuracy": 0.8805658627087198,
      "macro avg": {
        "precision": 0.859271462641653,
        "recall": 0.9285912368275097,
        "f1-score": 0.8812658944325915,
        "support": 4312.0
      },
      "weighted avg": {
        "precision": 0.9061410564920777,
        "recall": 0.8805658627087198,
        "f1-score": 0.8805694091105846,
        "support": 4312.0
      }
    },
    "confusion_matrix": [
      [
        1007,
        0,
        0
      ],
      [
        300,
        1889,
        215
      ],
      [
        0,
        0,
        901
      ]
    ],
    "feature_importance": {
      "turnover": "0.015953725",
      "sma_20": "0.028890284",
      "sma_50": "0.036324956",
      "ema_12": "0.04984044",
      "ema_26": "0.030891173",
      "rsi": "0.017277356",
      "atr": "0.020913394",
      "atr_pct": "0.0265665",
      "volume_sma_20": "0.020550545",
      "volume_ratio": "0.014783277",
      "bb_upper": "0.03457812",
      "bb_middle": "0.0",
      "bb_lower": "0.04034028",
      "macd": "0.028564913",
      "macd_signal": "0.023698261",
      "adx": "0.022483116",
      "di_plus": "0.02797131",
      "di_minus": "0.026297078",
      "adx_trend_up": "0.022388747",
      "price_change": "0.009853062",
      "price_change_abs": "0.011522491",
      "volatility_10": "0.022432009",
      "realized_volatility_20": "0.027729489",
      "momentum_3": "0.01169624",
      "momentum_5": "0.016666207",
      "momentum_10": "0.017201852",
      "dist_to_sma20_pct": "0.027770072",
      "dist_to_ema12_pct": "0.016550912",
      "bb_position": "0.015594962",
      "near_bb_upper": "0.013860291",
      "near_bb_lower": "0.0",
      "rsi_oversold": "0.0",
      "rsi_overbought": "0.0",
      "ema12_above_ema26": "0.0",
      "ob_imbalance": "0.0",
      "ob_imbalance_5": "0.0",
      "ob_imbalance_20": "0.0",
      "hour": "0.018189423",
      "day_of_week": "0.033738937",
      "hour_sin": "0.013759575",
      "hour_cos": "0.024512457",
      "dow_sin": "0.053057086",
      "dow_cos": "0.030659845",
      "close_lag_1": "0.026333263",
      "volume_lag_1": "0.013130813",
      "price_change_lag_1": "0.009531475",
      "close_lag_2": "0.020882087",
      "volume_lag_2": "0.011173877",
      "price_change_lag_2": "0.008700767",
      "close_lag_3": "0.03608042",
      "volume_lag_3": "0.01217937",
      "price_change_lag_3": "0.008879567"
    }
  },
  "ensemble_metrics": {
    "accuracy": 0.8603896103896104,
    "precision": 0.8949446726742646,
    "recall": 0.8603896103896104,
    "f1_score": 0.8605536701367625,
    "cv_mean": 0.47715877437325904,
    "cv_std": 0.03727390049489336,
    "cv_precision_mean": 0.4664984280523431,
    "cv_recall_mean": 0.47715877437325904,
    "cv_f1_mean": 0.44569067396667605,
    "classification_report": {
      "-1": {
        "precision": 0.7185714285714285,
        "recall": 0.9990069513406157,
        "f1-score": 0.8358953053593685,
        "support": 1007.0
      },
      "0": {
        "precision": 1.0,
        "recall": 0.7516638935108153,
        "f1-score": 0.8582284492994539,
        "support": 2404.0
      },
      "1": {
        "precision": 0.8117647058823529,
        "recall": 0.9955604883462819,
        "f1-score": 0.8943170488534397,
        "support": 901.0
      },
      "accuracy": 0.8603896103896104,
      "macro avg": {
        "precision": 0.8434453781512605,
        "recall": 0.9154104443992376,
        "f1-score": 0.862813601170754,
        "support": 4312.0
      },
      "weighted avg": {
        "precision": 0.8949446726742646,
        "recall": 0.8603896103896104,
        "f1-score": 0.8605536701367625,
        "support": 4312.0
      }
    },