{
  "symbols": [
    "SOLUSDT"
  ],
  "interval_display": "1h",
  "ml_mtf_enabled": false,
  "hyperparams": {},
  "rf_metrics": {
    "accuracy": 0.8051948051948052,
    "cv_mean": 0.3754874651810585,
    "cv_std": 0.032455736297781645,
    "classification_report": {
      "-1": {
        "precision": 0.7485533929510784,
        "recall": 0.9733242134062927,
        "f1-score": 0.8462682129051442,
        "support": 1462.0
      },
      "0": {
        "precision": 0.9939172749391727,
        "recall": 0.5267569310122502,
        "f1-score": 0.6885798567214496,
        "support": 1551.0
      },
      "1": {
        "precision": 0.775330396475771,
        "recall": 0.9484218629715165,
        "f1-score": 0.853185595567867,
        "support": 1299.0
      },
      "accuracy": 0.8051948051948052,
      "macro avg": {
        "precision": 0.8392670214553407,
        "recall": 0.8161676691300198,
        "f1-score": 0.796011221731487,
        "support": 4312.0
      },
      "weighted avg": {
        "precision": 0.8448759134849629,
        "recall": 0.8051948051948052,
        "f1-score": 0.7916325541940975,
        "support": 4312.0
      }
    },
    "confusion_matrix": [
      [
        1423,
        5,
        34
      ],
      [
        411,
        817,
        323
      ],
      [
        67,
        0,
        1232
      ]
    ],
    "feature_importance": {
      "turnover": 0.01925114669213557,
      "sma_20": 0.03712567088088237,
      "sma_50": 0.0452241261807258,
      "ema_12": 0.03445418270099097,
      "ema_26": 0.038094491885703026,
      "rsi": 0.022383296752745245,
      "atr": 0.035493376088635085,
      "atr_pct": 0.03572598146642062,
      "volume_sma_20": 0.034621777366304764,
      "volume_ratio": 0.016299731463406582,
      "bb_upper": 0.029100410012603963,
      "bb_middle": 0.031928580704304314,
      "bb_lower": 0.036509599533213775,
      "macd": 0.033920449529925296,
      "macd_signal": 0.02338734231398693,
      "adx": 0.029217137753441258,
      "di_plus": 0.03263229158573219,
      "di_minus": 0.02082000360020959,
      "adx_trend_up": 0.002681358969061572,
      "price_change": 0.012295609669088891,
      "price_change_abs": 0.011275024330531791,
      "volatility_10": 0.02075489435644801,
      "realized_volatility_20": 0.03844637744476479,
      "momentum_3": 0.013164324294960101,
      "momentum_5": 0.01752826977088333,
      "momentum_10": 0.015694254467109297,
      "dist_to_sma20_pct": 0.020437147714251255,
      "dist_to_ema12_pct": 0.01693230371317427,
      "bb_position": 0.015502945356843127,
      "near_bb_upper": 0.0001736270207059549,
      "near_bb_lower": 0.00013147129314244142,
      "rsi_oversold": 0.0007370266116727473,
      "rsi_overbought": 0.0019454536936219652,
      "ema12_above_ema26": 0.001950880316722638,
      "ob_imbalance": 0.0,
      "ob_imbalance_5": 0.0,
      "ob_imbalance_20": 0.0,
      "hour": 0.017620673258003407,
      "day_of_week": 0.016074874195453143,
      "hour_sin": 0.011510537184048451,
      "hour_cos": 0.012387437155072028,
      "dow_sin": 0.021374238597628156,
      "dow_cos": 0.011795189219938334,
      "close_lag_1": 0.02826546777097335,
      "volume_lag_1": 0.017175300565520062,
      "price_change_lag_1": 0.00977928697103181,
      "close_lag_2": 0.028150119983331313,
      "volume_lag_2": 0.014848102860488906,
      "price_change_lag_2": 0.010299508718003076,
      "close_lag_3": 0.028038459040358524,
      "volume_lag_3": 0.016772866027910914,
      "price_change_lag_3": 0.010067372917889056
    }
  },
  "xgb_metrics": {
    "accuracy": 0.9151205936920223,
    "cv_mean": 0.36267409470752093,
    "cv_std": 0.034842331976309364,
    "classification_report": {
      "-1": {
        "precision": 0.8860837438423645,
        "recall": 0.9842681258549931,
        "f1-score": 0.932598833441348,
        "support": 1462.0
      },
      "0": {
        "precision": 0.9927007299270073,
        "recall": 0.7891682785299806,
        "f1-score": 0.8793103448275862,
        "support": 1551.0
      },
      "1": {
        "precision": 0.881786941580756,
        "recall": 0.9876828329484219,
        "f1-score": 0.9317356572258533,
        "support": 1299.0
      },
      "accuracy": 0.9151205936920223,
      "macro avg": {
        "precision": 0.9201904717833759,
        "recall": 0.9203730791111319,
        "f1-score": 0.9145482784982626,
        "support": 4312.0
      },
      "weighted avg": {
        "precision": 0.9231387993338884,
        "recall": 0.9151205936920223,
        "f1-score": 0.9131712565063127,
        "support": 4312.0
      }
    },
    "confusion_matrix": [
      [
        1439,
        5,
        18
      ],
      [
        173,
        1224,
        154
      ],
      [
        12,
        4,
        1283
      ]
    ],
    "feature_importance": {
      "turnover": "0.016468784",
      "sma_20": "0.021810358",
      "sma_50": "0.035461076",
      "ema_12": "0.028860833",
      "ema_26": "0.056321178",
      "rsi": "0.020668535",
      "atr": "0.024308227",
      "atr_pct": "0.02972943",
      "volume_sma_20": "0.025852405",
      "volume_ratio": "0.013159962",
      "bb_upper": "0.0272898",
      "bb_middle": "0.0",
      "bb_lower": "0.032516997",
      "macd": "0.025581684",
      "macd_signal": "0.020179927",
      "adx": "0.024640601",
      "di_plus": "0.027416196",
      "di_minus": "0.020533312",
      "adx_trend_up": "0.018298823",
      "price_change": "0.011178288",
      "price_change_abs": "0.012701014",
      "volatility_10": "0.020287968",
      "realized_volatility_20": "0.025048831",
      "momentum_3": "0.012275976",
      "momentum_5": "0.019471936",
      "momentum_10": "0.016933076",
      "dist_to_sma20_pct": "0.017974438",
      "dist_to_ema12_pct": "0.01987087",
      "bb_position": "0.020451184",
      "near_bb_upper": "0.0",
      "near_bb_lower": "0.0",
      "rsi_oversold": "0.0",
      "rsi_overbought": "0.018276598",
      "ema12_above_ema26": "0.013574673",
      "ob_imbalance": "0.0",
      "ob_imbalance_5": "0.0",
      "ob_imbalance_20": "0.0",
      "hour": "0.017840598",
      "day_of_week": "0.033111814",
      "hour_sin": "0.019332016",
      "hour_cos": "0.025392318",
      "dow_sin": "0.037241217",
      "dow_cos": "0.02580859",
      "close_lag_1": "0.041593894",
      "volume_lag_1": "0.013865881",
      "price_change_lag_1": "0.010542176",
      "close_lag_2": "0.03131927",
      "volume_lag_2": "0.012500995",
      "price_change_lag_2": "0.010728357",
      "close_lag_3": "0.02071277",
      "volume_lag_3": "0.01164435",
      "price_change_lag_3": "0.011222753"
    }
  },
  "ensemble_metrics": {
    "accuracy": 0.8824211502782932,
    "precision": 0.8984572689062026,
    "recall": 0.8824211502782932,
    "f1_score": 0.8776811195140332,
    "cv_mean": 0.3598885793871866,
    "cv_std": 0.03291861618401396,
    "cv_precision_mean": 0.4023590173220059,
    "cv_recall_mean": 0.3598885793871866,
    "cv_f1_mean": 0.31071929237747986,
    "classification_report": {
      "-1": {
        "precision": 0.8436768149882904,
        "recall": 0.9856361149110807,
        "f1-score": 0.9091482649842272,
        "support": 1462.0
      },
      "0": {
        "precision": 0.9944954128440368,
        "recall": 0.6989039329464861,
        "f1-score": 0.8209011737978038,
        "support": 1551.0
      },
      "1": {
        "precision": 0.845442536327609,
        "recall": 0.985373364126251,
        "f1-score": 0.9100604337006755,
        "support": 1299.0
      },
      "accuracy": 0.8824211502782932,
      "macro avg": {
        "precision": 0.8945382547199787,
        "recall": 0.8899711373279393,
        "f1-score": 0.8800366241609021,
        "support": 4312.0
      },
      "weighted avg": {
        "precision": 0.8984572689062026,
        "recall": 0.8824211502782932,
        "f1-score": 0.8776811195140332,
        "support": 4312.0
      }
    },