{
  "symbols": [
    "SOLUSDT"
  ],
  "interval_display": "1h",
  "ml_mtf_enabled": false,
  "hyperparams": {},
  "rf_metrics": {
    "accuracy": 0.8112244897959183,
    "cv_mean": 0.3668523676880223,
    "cv_std": 0.04170466244504268,
    "classification_report": {
      "-1": {
        "precision": 0.75144813059505,
        "recall": 0.9767282683093771,
        "f1-score": 0.8494047619047619,
        "support": 1461.0
      },
      "0": {
        "precision": 0.9917061611374408,
        "recall": 0.5393041237113402,
        "f1-score": 0.6986644407345576,
        "support": 1552.0
      },
      "1": {
        "precision": 0.7864882090503506,
        "recall": 0.9499615088529638,
        "f1-score": 0.8605299860529986,
        "support": 1299.0
      },
      "accuracy": 0.8112244897959183,
      "macro avg": {
        "precision": 0.8432141669276138,
        "recall": 0.8219979669578937,
        "f1-score": 0.8028663962307726,
        "support": 4312.0
      },
      "weighted avg": {
        "precision": 0.8484790965772452,
        "recall": 0.8112244897959183,
        "f1-score": 0.7985009325245214,
        "support": 4312.0
      }
    },
    "confusion_matrix": [
      [
        1427,
        6,
        28
      ],
      [
        408,
        837,
        307
      ],
      [
        64,
        1,
        1234
      ]
    ],
    "feature_importance": {
      "turnover": 0.019908101220162646,
      "sma_20": 0.03602156044641855,
      "sma_50": 0.04247815382854104,
      "ema_12": 0.03388683284178565,
      "ema_26": 0.03957103246613304,
      "rsi": 0.022558174861625205,
      "atr": 0.03315271114179948,
      "atr_pct": 0.034424459730208315,
      "volume_sma_20": 0.035801877118951796,
      "volume_ratio": 0.017129908456231593,
      "bb_upper": 0.029197156516980908,
      "bb_middle": 0.03581422340551655,
      "bb_lower": 0.03947375677707423,
      "macd": 0.030500133055592942,
      "macd_signal": 0.022472679580831833,
      "adx": 0.031257151659421244,
      "di_plus": 0.03177281463423129,
      "di_minus": 0.021534775115976516,
      "adx_trend_up": 0.003795175737598118,
      "price_change": 0.012316989002852337,
      "price_change_abs": 0.011523338944012244,
      "volatility_10": 0.02101553963562803,
      "realized_volatility_20": 0.03736499598011428,
      "momentum_3": 0.015035418954828919,
      "momentum_5": 0.01823064616791612,
      "momentum_10": 0.01652610624403607,
      "dist_to_sma20_pct": 0.0177093939827394,
      "dist_to_ema12_pct": 0.01633127878000111,
      "bb_position": 0.018322994708281404,
      "near_bb_upper": 7.489982828416986e-05,
      "near_bb_lower": 0.00015767878375414938,
      "rsi_oversold": 0.0006610251034657515,
      "rsi_overbought": 0.0013156065957657325,
      "ema12_above_ema26": 0.0026858579629623143,
      "ob_imbalance": 0.0,
      "ob_imbalance_5": 0.0,
      "ob_imbalance_20": 0.0,
      "hour": 0.016432881501927135,
      "day_of_week": 0.016522837743693102,
      "hour_sin": 0.011629917137363117,
      "hour_cos": 0.012673353837590386,
      "dow_sin": 0.02036806926358868,
      "dow_cos": 0.011475095839904437,
      "close_lag_1": 0.027901456382779754,
      "volume_lag_1": 0.016334510536428586,
      "price_change_lag_1": 0.010095576329423437,
      "close_lag_2": 0.027877350248053285,
      "volume_lag_2": 0.015336148390230914,
      "price_change_lag_2": 0.01093854311183225,
      "close_lag_3": 0.02540819087137279,
      "volume_lag_3": 0.016224191354567617,
      "price_change_lag_3": 0.010759428181521495
    }
  },
  "xgb_metrics": {
    "accuracy": 0.9174397031539888,
    "cv_mean": 0.36657381615598883,
    "cv_std": 0.02699795252693801,
    "classification_report": {
      "-1": {
        "precision": 0.8883405305367057,
        "recall": 0.9856262833675564,
        "f1-score": 0.9344581440622972,
        "support": 1461.0
      },
      "0": {
        "precision": 0.9935483870967742,
        "recall": 0.7938144329896907,
        "f1-score": 0.8825214899713467,
        "support": 1552.0
      },
      "1": {
        "precision": 0.8849069607167471,
        "recall": 0.9884526558891455,
        "f1-score": 0.9338181818181818,
        "support": 1299.0
      },
      "accuracy": 0.9174397031539888,
      "macro avg": {
        "precision": 0.922265292783409,
        "recall": 0.9226311240821309,
        "f1-score": 0.9169326052839418,
        "support": 4312.0
      },
      "weighted avg": {
        "precision": 0.9251731803941037,
        "recall": 0.9174397031539888,
        "f1-score": 0.9155720127765224,
        "support": 4312.0
      }
    },
    "confusion_matrix": [
      [
        1440,
        4,
        17
      ],
      [
        170,
        1232,
        150
      ],
      [
        11,
        4,
        1284
      ]
    ],
    "feature_importance": {
      "turnover": "0.014713233",
      "sma_20": "0.021444459",
      "sma_50": "0.03626163",
      "ema_12": "0.027386459",
      "ema_26": "0.051964354",
      "rsi": "0.02126915",
      "atr": "0.023961352",
      "atr_pct": "0.028911343",
      "volume_sma_20": "0.026128318",
      "volume_ratio": "0.013207732",
      "bb_upper": "0.025937784",
      "bb_middle": "0.0",
      "bb_lower": "0.032212958",
      "macd": "0.025011024",
      "macd_signal": "0.018862268",
      "adx": "0.022875678",
      "di_plus": "0.027819451",
      "di_minus": "0.018502789",
      "adx_trend_up": "0.02433329",
      "price_change": "0.0114724",
      "price_change_abs": "0.011887411",
      "volatility_10": "0.019967623",
      "realized_volatility_20": "0.025178574",
      "momentum_3": "0.01364698",
      "momentum_5": "0.01712188",
      "momentum_10": "0.016011199",
      "dist_to_sma20_pct": "0.017427277",
      "dist_to_ema12_pct": "0.02377588",
      "bb_position": "0.018456295",
      "near_bb_upper": "0.0105672",
      "near_bb_lower": "0.0",
      "rsi_oversold": "0.0",
      "rsi_overbought": "0.04561368",
      "ema12_above_ema26": "0.0",
      "ob_imbalance": "0.0",
      "ob_imbalance_5": "0.0",
      "ob_imbalance_20": "0.0",
      "hour": "0.017860094",
      "day_of_week": "0.03253547",
      "hour_sin": "0.017526487",
      "hour_cos": "0.021332834",
      "dow_sin": "0.040524133",
      "dow_cos": "0.026537169",
      "close_lag_1": "0.033584047",
      "volume_lag_1": "0.014337484",
      "price_change_lag_1": "0.010508966",
      "close_lag_2": "0.024301618",
      "volume_lag_2": "0.01261434",
      "price_change_lag_2": "0.010754724",
      "close_lag_3": "0.022213925",
      "volume_lag_3": "0.011923557",
      "price_change_lag_3": "0.01151543"
    }
  },
  "ensemble_metrics": {
    "accuracy": 0.8852040816326531,
    "precision": 0.9007574395151927,
    "recall": 0.8852040816326531,
    "f1_score": 0.8804423018768335,
    "cv_mean": 0.3668523676880223,
    "cv_std": 0.023825520646621846,
    "cv_precision_mean": 0.433170361117598,
    "cv_recall_mean": 0.3668523676880223,
    "cv_f1_mean": 0.3237215534263632,
    "classification_report": {
      "-1": {
        "precision": 0.8423817863397548,
        "recall": 0.9876796714579056,
        "f1-score": 0.9092627599243857,
        "support": 1461.0
      },
      "0": {
        "precision": 0.9945205479452055,
        "recall": 0.7016752577319587,
        "f1-score": 0.8228182848507745,
        "support": 1552.0
      },
      "1": {
        "precision": 0.8543882978723404,
        "recall": 0.9892224788298691,
        "f1-score": 0.9168747770246165,
        "support": 1299.0
      },
      "accuracy": 0.8852040816326531,
      "macro avg": {
        "precision": 0.8970968773857669,
        "recall": 0.8928591360065777,
        "f1-score": 0.8829852739332589,
        "support": 4312.0
      },
      "weighted avg": {
        "precision": 0.9007574395151927,
        "recall": 0.8852040816326531,
        "f1-score": 0.8804423018768335,
        "support": 4312.0
      }
    },