{
  "symbols": [
    "SOLUSDT"
  ],
  "interval_display": "15m",
  "ml_mtf_enabled": false,
  "hyperparams": {},
  "rf_metrics": {
    "accuracy": 0.8504347826086956,
    "cv_mean": 0.3348643006263048,
    "cv_std": 0.020523099336024225,
    "classification_report": {
      "-1": {
        "precision": 0.8232600732600732,
        "recall": 0.9900881057268722,
        "f1-score": 0.899,
        "support": 908.0
      },
      "0": {
        "precision": 0.9984848484848485,
        "recall": 0.6170411985018727,
        "f1-score": 0.7627314814814815,
        "support": 1068.0
      },
      "1": {
        "precision": 0.7898486197684773,
        "recall": 0.9866518353726362,
        "f1-score": 0.8773491592482691,
        "support": 899.0
      },
      "accuracy": 0.8504347826086956,
      "macro avg": {
        "precision": 0.8705311805044663,
        "recall": 0.8645937132004603,
        "f1-score": 0.8463602135765834,
        "support": 2875.0
      },
      "weighted avg": {
        "precision": 0.8779046517822003,
        "recall": 0.8504347826086956,
        "f1-score": 0.8416090839604927,
        "support": 2875.0
      }
    },
    "confusion_matrix": [
      [
        899,
        0,
        9
      ],
      [
        182,
        659,
        227
      ],
      [
        11,
        1,
        887
      ]
    ],
    "feature_importance": {
      "turnover": 0.02068993141833248,
      "sma_20": 0.02483373902269389,
      "sma_50": 0.033871026073815036,
      "ema_12": 0.023816801830999185,
      "ema_26": 0.02823326004675908,
      "rsi": 0.023395322055559137,
      "atr": 0.033824924659227304,
      "atr_pct": 0.03232094193756658,
      "volume_sma_20": 0.03151154466008065,
      "volume_ratio": 0.01951848174677296,
      "bb_upper": 0.028928741718876633,
      "bb_middle": 0.02556680717285928,
      "bb_lower": 0.030394115666578285,
      "macd": 0.02723462390563368,
      "macd_signal": 0.02564657163205385,
      "adx": 0.03228354636737518,
      "di_plus": 0.03193676474541376,
      "di_minus": 0.026916169190209463,
      "adx_trend_up": 0.0025265714097001723,
      "price_change": 0.016278208383323133,
      "price_change_abs": 0.015260624607543481,
      "volatility_10": 0.030058816432351813,
      "realized_volatility_20": 0.03509264049235401,
      "momentum_3": 0.02096584329870077,
      "momentum_5": 0.026245883882970996,
      "momentum_10": 0.023376961508572266,
      "dist_to_sma20_pct": 0.020815140044149638,
      "dist_to_ema12_pct": 0.021201394224244254,
      "bb_position": 0.020763408306616323,
      "near_bb_upper": 2.324421773763244e-05,
      "near_bb_lower": 4.237436842335858e-05,
      "rsi_oversold": 0.000501582788764525,
      "rsi_overbought": 0.0008639053046344305,
      "ema12_above_ema26": 0.0024820744655481178,
      "ob_imbalance": 0.0,
      "ob_imbalance_5": 0.0,
      "ob_imbalance_20": 0.0,
      "hour": 0.021030946676407484,
      "day_of_week": 0.009330925974792006,
      "hour_sin": 0.01966018592814772,
      "hour_cos": 0.019834762951280192,
      "dow_sin": 0.012054359061040867,
      "dow_cos": 0.005640258682524407,
      "close_lag_1": 0.023345813849729457,
      "volume_lag_1": 0.019795432895440095,
      "price_change_lag_1": 0.016292005265746652,
      "close_lag_2": 0.0225404863427349,
      "volume_lag_2": 0.01834697237426082,
      "price_change_lag_2": 0.016866028969112778,
      "close_lag_3": 0.02201773446589336,
      "volume_lag_3": 0.019760367279530077,
      "price_change_lag_3": 0.0160617316969178
    }
  },
  "xgb_metrics": {
    "accuracy": 0.9547826086956521,
    "cv_mean": 0.3578288100208768,
    "cv_std": 0.02921562536039399,
    "classification_report": {
      "-1": {
        "precision": 0.9274770173646578,
        "recall": 1.0,
        "f1-score": 0.9623741388447271,
        "support": 908.0
      },
      "0": {
        "precision": 1.0,
        "recall": 0.8810861423220974,
        "f1-score": 0.9367844698855152,
        "support": 1068.0
      },
      "1": {
        "precision": 0.9382198952879581,
        "recall": 0.996662958843159,
        "f1-score": 0.9665587918015103,
        "support": 899.0
      },
      "accuracy": 0.9547826086956521,
      "macro avg": {
        "precision": 0.9552323042175387,
        "recall": 0.9592497003884187,
        "f1-score": 0.9552391335105842,
        "support": 2875.0
      },
      "weighted avg": {
        "precision": 0.9577769800455596,
        "recall": 0.9547826086956521,
        "f1-score": 0.954176655908974,
        "support": 2875.0
      }
    },
    "confusion_matrix": [
      [
        908,
        0,
        0
      ],
      [
        68,
        941,
        59
      ],
      [
        3,
        0,
        896
      ]
    ],
    "feature_importance": {
      "turnover": "0.015356408",
      "sma_20": "0.020506762",
      "sma_50": "0.02921078",
      "ema_12": "0.028331848",
      "ema_26": "0.027783096",
      "rsi": "0.020711912",
      "atr": "0.02191424",
      "atr_pct": "0.03559786",
      "volume_sma_20": "0.02610163",
      "volume_ratio": "0.016345542",
      "bb_upper": "0.020799883",
      "bb_middle": "0.0",
      "bb_lower": "0.03370044",
      "macd": "0.024627103",
      "macd_signal": "0.021618433",
      "adx": "0.024207484",
      "di_plus": "0.026164832",
      "di_minus": "0.025305824",
      "adx_trend_up": "0.020299943",
      "price_change": "0.013902707",
      "price_change_abs": "0.014859202",
      "volatility_10": "0.022012906",
      "realized_volatility_20": "0.030640038",
      "momentum_3": "0.020484934",
      "momentum_5": "0.019354835",
      "momentum_10": "0.019697182",
      "dist_to_sma20_pct": "0.024727458",
      "dist_to_ema12_pct": "0.018341482",
      "bb_position": "0.019609738",
      "near_bb_upper": "0.0",
      "near_bb_lower": "0.0",
      "rsi_oversold": "0.0",
      "rsi_overbought": "0.033708528",
      "ema12_above_ema26": "0.0",
      "ob_imbalance": "0.0",
      "ob_imbalance_5": "0.0",
      "ob_imbalance_20": "0.0",
      "hour": "0.028001355",
      "day_of_week": "0.025738493",
      "hour_sin": "0.02907186",
      "hour_cos": "0.025130054",
      "dow_sin": "0.028123109",
      "dow_cos": "0.034122583",
      "close_lag_1": "0.024127357",
      "volume_lag_1": "0.015541377",
      "price_change_lag_1": "0.013326051",
      "close_lag_2": "0.019270258",
      "volume_lag_2": "0.014894548",
      "price_change_lag_2": "0.014244888",
      "close_lag_3": "0.02303194",
      "volume_lag_3": "0.01544173",
      "price_change_lag_3": "0.014011353"
    }
  },
  "ensemble_metrics": {
    "accuracy": 0.9342608695652174,
    "precision": 0.9404179410939691,
    "recall": 0.9342608695652174,
    "f1_score": 0.9328609929040097,
    "cv_mean": 0.3636743215031315,
    "cv_std": 0.021911719020295505,
    "cv_precision_mean": 0.3776724041275398,
    "cv_recall_mean": 0.3636743215031315,
    "cv_f1_mean": 0.3590809975079866,
    "classification_report": {
      "-1": {
        "precision": 0.9143145161290323,
        "recall": 0.998898678414097,
        "f1-score": 0.9547368421052631,
        "support": 908.0
      },
      "0": {
        "precision": 1.0,
        "recall": 0.8267790262172284,
        "f1-score": 0.9051768323936443,
        "support": 1068.0
      },
      "1": {
        "precision": 0.896,
        "recall": 0.996662958843159,
        "f1-score": 0.9436545550289626,
        "support": 899.0
      },
      "accuracy": 0.9342608695652174,
      "macro avg": {
        "precision": 0.9367715053763441,
        "recall": 0.9407802211581616,
        "f1-score": 0.9345227431759566,
        "support": 2875.0
      },
      "weighted avg": {
        "precision": 0.9404179410939691,
        "recall": 0.9342608695652174,
        "f1-score": 0.9328609929040097,
        "support": 2875.0
      }
    },