{
  "symbols": [
    "BTCUSDT"
  ],
  "interval_display": "15m",
  "ml_mtf_enabled": false,
  "hyperparams": {
    "training_days_15m": 30,
    "training_days_1h": 180,
    "forward_periods_15m": 6,
    "forward_periods_1h": 8,
    "threshold_pct_15m": 0.33,
    "threshold_pct_1h": 0.8,
    "min_profit_pct_15m": 0.32,
    "min_profit_pct_1h": 0.8,
    "rf_n_estimators": 120,
    "rf_max_depth": 12,
    "xgb_n_estimators": 140,
    "xgb_max_depth": 6,
    "xgb_learning_rate": 0.08
  },
  "rf_metrics": {
    "accuracy": 0.9641614474599861,
    "cv_mean": 0.4054279749478079,
    "cv_std": 0.05956887076440096,
    "classification_report": {
      "-1": {
        "precision": 0.8982248520710059,
        "recall": 1.0,
        "f1-score": 0.9463840399002493,
        "support": 759.0
      },
      "0": {
        "precision": 1.0,
        "recall": 0.9274425287356322,
        "f1-score": 0.9623555721207604,
        "support": 1392.0
      },
      "1": {
        "precision": 0.9769647696476965,
        "recall": 0.9972337482710927,
        "f1-score": 0.9869952087611226,
        "support": 723.0
      },
      "accuracy": 0.9641614474599861,
      "macro avg": {
        "precision": 0.9583965405729008,
        "recall": 0.974892092335575,
        "f1-score": 0.9652449402607107,
        "support": 2874.0
      },
      "weighted avg": {
        "precision": 0.9673271368048637,
        "recall": 0.9641614474599861,
        "f1-score": 0.9643361094678772,
        "support": 2874.0
      }
    },
    "confusion_matrix": [
      [
        759,
        0,
        0
      ],
      [
        84,
        1291,
        17
      ],
      [
        2,
        0,
        721
      ]
    ],
    "feature_importance": {
      "turnover": 0.016392468574307126,
      "sma_20": 0.02943812600826483,
      "sma_50": 0.033050843012432496,
      "ema_12": 0.02829186135120305,
      "ema_26": 0.02620196623321964,
      "rsi": 0.02426789455834189,
      "atr": 0.0325536640360319,
      "atr_pct": 0.03156086432125037,
      "volume_sma_20": 0.03138053433767099,
      "volume_ratio": 0.017306534211338133,
      "bb_upper": 0.03098338926247851,
      "bb_middle": 0.03020314755993965,
      "bb_lower": 0.02929918746079633,
      "macd": 0.030548875972522885,
      "macd_signal": 0.027526406694864815,
      "adx": 0.030266750015168587,
      "di_plus": 0.029092511513155835,
      "di_minus": 0.02731426476374644,
      "adx_trend_up": 0.0034449596461473596,
      "price_change": 0.014281384469489289,
      "price_change_abs": 0.016123219879732826,
      "volatility_10": 0.025176912524059902,
      "realized_volatility_20": 0.03200283377512402,
      "momentum_3": 0.021880479150143697,
      "momentum_5": 0.020860769629475962,
      "momentum_10": 0.02100446707985837,
      "dist_to_sma20_pct": 0.020578872451151125,
      "dist_to_ema12_pct": 0.021342226958608105,
      "bb_position": 0.02150049484074563,
      "near_bb_upper": 4.003337571865605e-05,
      "near_bb_lower": 0.0,
      "rsi_oversold": 0.0004600609581932515,
      "rsi_overbought": 0.0006073981058272248,
      "ema12_above_ema26": 0.0026326346327418676,
      "ob_imbalance": 0.0,
      "ob_imbalance_5": 0.0,
      "ob_imbalance_20": 0.0,
      "hour": 0.021308874766267784,
      "day_of_week": 0.01089457206212696,
      "hour_sin": 0.02493592773632822,
      "hour_cos": 0.022772593267399287,
      "dow_sin": 0.015718196114351227,
      "dow_cos": 0.008200713299289068,
      "close_lag_1": 0.021668053595460264,
      "volume_lag_1": 0.016441140040395794,
      "price_change_lag_1": 0.015469101869056399,
      "close_lag_2": 0.02379180308661675,
      "volume_lag_2": 0.018202429631763814,
      "price_change_lag_2": 0.01677098721417023,
      "close_lag_3": 0.02163773839617841,
      "volume_lag_3": 0.0205830155801737,
      "price_change_lag_3": 0.013988815976671298
    }
  },
  "xgb_metrics": {
    "accuracy": 0.9498956158663883,
    "cv_mean": 0.40292275574112735,
    "cv_std": 0.03950080987144988,
    "classification_report": {
      "-1": {
        "precision": 0.905727923627685,
        "recall": 1.0,
        "f1-score": 0.9505322479649343,
        "support": 759.0
      },
      "0": {
        "precision": 1.0,
        "recall": 0.896551724137931,
        "f1-score": 0.9454545454545454,
        "support": 1392.0
      },
      "1": {
        "precision": 0.9175126903553299,
        "recall": 1.0,
        "f1-score": 0.956982131039047,
        "support": 723.0
      },
      "accuracy": 0.9498956158663883,
      "macro avg": {
        "precision": 0.941080204661005,
        "recall": 0.9655172413793104,
        "f1-score": 0.9509896414861755,
        "support": 2874.0
      },
      "weighted avg": {
        "precision": 0.9543525292833391,
        "recall": 0.9498956158663883,
        "f1-score": 0.9496954711967095,
        "support": 2874.0
      }
    },
    "confusion_matrix": [
      [
        759,
        0,
        0
      ],
      [
        79,
        1248,
        65
      ],
      [
        0,
        0,
        723
      ]
    ],
    "feature_importance": {
      "turnover": "0.0150955375",
      "sma_20": "0.02658923",
      "sma_50": "0.03084264",
      "ema_12": "0.029867286",
      "ema_26": "0.031219486",
      "rsi": "0.02013862",
      "atr": "0.022365414",
      "atr_pct": "0.026027001",
      "volume_sma_20": "0.02219198",
      "volume_ratio": "0.014104482",
      "bb_upper": "0.034070235",
      "bb_middle": "0.0",
      "bb_lower": "0.025004884",
      "macd": "0.0264868",
      "macd_signal": "0.024504082",
      "adx": "0.019744933",
      "di_plus": "0.02518383",
      "di_minus": "0.023228232",
      "adx_trend_up": "0.024330312",
      "price_change": "0.011056054",
      "price_change_abs": "0.012462055",
      "volatility_10": "0.01808961",
      "realized_volatility_20": "0.029837016",
      "momentum_3": "0.016654441",
      "momentum_5": "0.01840169",
      "momentum_10": "0.01787258",
      "dist_to_sma20_pct": "0.019971825",
      "dist_to_ema12_pct": "0.022450954",
      "bb_position": "0.019877676",
      "near_bb_upper": "0.0",
      "near_bb_lower": "0.0",
      "rsi_oversold": "0.0",
      "rsi_overbought": "0.0",
      "ema12_above_ema26": "0.012793053",
      "ob_imbalance": "0.0",
      "ob_imbalance_5": "0.0",
      "ob_imbalance_20": "0.0",
      "hour": "0.026470326",
      "day_of_week": "0.029522633",
      "hour_sin": "0.03427338",
      "hour_cos": "0.028219031",
      "dow_sin": "0.02962176",
      "dow_cos": "0.039630137",
      "close_lag_1": "0.045904864",
      "volume_lag_1": "0.014085393",
      "price_change_lag_1": "0.012831562",
      "close_lag_2": "0.026071979",
      "volume_lag_2": "0.014228104",
      "price_change_lag_2": "0.012815905",
      "close_lag_3": "0.021780288",
      "volume_lag_3": "0.01297112",
      "price_change_lag_3": "0.011111551"
    }
  },
  "ensemble_metrics": {
    "accuracy": 0.9676409185803758,
    "precision": 0.9697368428242139,
    "recall": 0.9676409185803758,
    "f1_score": 0.9676245904153543,
    "cv_mean": 0.40459290187891445,
    "cv_std": 0.047485488549346574,
    "cv_precision_mean": 0.4328237571965518,
    "cv_recall_mean": 0.40459290187891445,
    "cv_f1_mean": 0.3805728581475729,
    "classification_report": {
      "-1": {
        "precision": 0.9233576642335767,
        "recall": 1.0,
        "f1-score": 0.9601518026565465,
        "support": 759.0
      },
      "0": {
        "precision": 1.0,
        "recall": 0.9331896551724138,
        "f1-score": 0.9654403567447045,
        "support": 1392.0
      },
      "1": {
        "precision": 0.9601593625498008,
        "recall": 1.0,
        "f1-score": 0.9796747967479674,
        "support": 723.0
      },
      "accuracy": 0.9676409185803758,
      "macro avg": {
        "precision": 0.9611723422611259,
        "recall": 0.9777298850574713,
        "f1-score": 0.9684223187164062,
        "support": 2874.0
      },