{
  "symbols": [
    "XRPUSDT"
  ],
  "interval_display": "15m",
  "ml_mtf_enabled": false,
  "hyperparams": {
    "training_days_15m": 30,
    "training_days_1h": 180,
    "forward_periods_15m": 5,
    "forward_periods_1h": 8,
    "threshold_pct_15m": 0.3,
    "threshold_pct_1h": 0.8,
    "min_profit_pct_15m": 0.3,
    "min_profit_pct_1h": 0.8,
    "rf_n_estimators": 120,
    "rf_max_depth": 10,
    "xgb_n_estimators": 140,
    "xgb_max_depth": 6,
    "xgb_learning_rate": 0.08
  },
  "rf_metrics": {
    "accuracy": 0.8386308068459658,
    "cv_mean": 0.31991614255765205,
    "cv_std": 0.027577498788101222,
    "classification_report": {
      "-1": {
        "precision": 0.7282091917591125,
        "recall": 0.9967462039045553,
        "f1-score": 0.8415750915750916,
        "support": 922.0
      },
      "0": {
        "precision": 1.0,
        "recall": 0.6015971606033718,
        "f1-score": 0.7512465373961219,
        "support": 1127.0
      },
      "1": {
        "precision": 0.8710725893824486,
        "recall": 0.9877149877149877,
        "f1-score": 0.92573402417962,
        "support": 814.0
      },
      "accuracy": 0.8386308068459658,
      "macro avg": {
        "precision": 0.8664272603805204,
        "recall": 0.8620194507409716,
        "f1-score": 0.8395185510502778,
        "support": 2863.0
      },
      "weighted avg": {
        "precision": 0.8758162635554366,
        "recall": 0.8386308068459658,
        "f1-score": 0.8299457135032744,
        "support": 2863.0
      }
    },
    "confusion_matrix": [
      [
        919,
        0,
        3
      ],
      [
        333,
        678,
        116
      ],
      [
        10,
        0,
        804
      ]
    ],
    "feature_importance": {
      "turnover": 0.018046126996270038,
      "sma_20": 0.02683026231386073,
      "sma_50": 0.029806349907135612,
      "ema_12": 0.026253389447797894,
      "ema_26": 0.02607346430591399,
      "rsi": 0.022849299892283275,
      "atr": 0.037520232452695014,
      "atr_pct": 0.03449441584777466,
      "volume_sma_20": 0.032492786548988406,
      "volume_ratio": 0.017134540594226703,
      "bb_upper": 0.0273679313272157,
      "bb_middle": 0.022350328507350952,
      "bb_lower": 0.02484685019317626,
      "macd": 0.027693844486878345,
      "macd_signal": 0.03458093846326308,
      "adx": 0.03142171284976651,
      "di_plus": 0.02432008816384124,
      "di_minus": 0.02610969455210717,
      "adx_trend_up": 0.0020001965235342035,
      "price_change": 0.01687859468016056,
      "price_change_abs": 0.018849674740707235,
      "volatility_10": 0.028793414377601786,
      "realized_volatility_20": 0.0343104152517043,
      "momentum_3": 0.021239159600393732,
      "momentum_5": 0.023083967961360054,
      "momentum_10": 0.025709169096934572,
      "dist_to_sma20_pct": 0.020072482626637904,
      "dist_to_ema12_pct": 0.020700471405693446,
      "bb_position": 0.020535443921035804,
      "near_bb_upper": 0.0005318299266301657,
      "near_bb_lower": 0.0008322650998992168,
      "rsi_oversold": 0.00026534865512861086,
      "rsi_overbought": 0.0004252370476494133,
      "ema12_above_ema26": 0.002607734191908993,
      "ob_imbalance": 0.0,
      "ob_imbalance_5": 0.0,
      "ob_imbalance_20": 0.0,
      "hour": 0.020270630562345023,
      "day_of_week": 0.009608934753916538,
      "hour_sin": 0.017040360964754434,
      "hour_cos": 0.0196907858345169,
      "dow_sin": 0.012091034219359737,
      "dow_cos": 0.006074731942843667,
      "close_lag_1": 0.02551523369468768,
      "volume_lag_1": 0.019465173779128816,
      "price_change_lag_1": 0.015969972037242774,
      "close_lag_2": 0.027498964202850924,
      "volume_lag_2": 0.024500804470717466,
      "price_change_lag_2": 0.015455331814069516,
      "close_lag_3": 0.02380311626667957,
      "volume_lag_3": 0.020207020593850898,
      "price_change_lag_3": 0.015780242905510434
    }
  },
  "xgb_metrics": {
    "accuracy": 0.9682151589242054,
    "cv_mean": 0.3442348008385744,
    "cv_std": 0.04448003005576802,
    "classification_report": {
      "-1": {
        "precision": 0.948559670781893,
        "recall": 1.0,
        "f1-score": 0.9736008447729673,
        "support": 922.0
      },
      "0": {
        "precision": 1.0,
        "recall": 0.9192546583850931,
        "f1-score": 0.9579288025889967,
        "support": 1127.0
      },
      "1": {
        "precision": 0.952046783625731,
        "recall": 1.0,
        "f1-score": 0.975434391851408,
        "support": 814.0
      },
      "accuracy": 0.9682151589242054,
      "macro avg": {
        "precision": 0.9668688181358748,
        "recall": 0.9730848861283644,
        "f1-score": 0.968988013071124,
        "support": 2863.0
      },
      "weighted avg": {
        "precision": 0.9698002439162593,
        "recall": 0.9682151589242054,
        "f1-score": 0.967952963452854,
        "support": 2863.0
      }
    },
    "confusion_matrix": [
      [
        922,
        0,
        0
      ],
      [
        50,
        1036,
        41
      ],
      [
        0,
        0,
        814
      ]
    ],
    "feature_importance": {
      "turnover": "0.014829139",
      "sma_20": "0.019655362",
      "sma_50": "0.028123083",
      "ema_12": "0.024808152",
      "ema_26": "0.027020488",
      "rsi": "0.017574104",
      "atr": "0.024261441",
      "atr_pct": "0.038968116",
      "volume_sma_20": "0.025687484",
      "volume_ratio": "0.0151639925",
      "bb_upper": "0.028907865",
      "bb_middle": "0.0",
      "bb_lower": "0.028902138",
      "macd": "0.02588881",
      "macd_signal": "0.02833287",
      "adx": "0.026000848",
      "di_plus": "0.024793824",
      "di_minus": "0.021178493",
      "adx_trend_up": "0.015462485",
      "price_change": "0.01335412",
      "price_change_abs": "0.01424626",
      "volatility_10": "0.022555139",
      "realized_volatility_20": "0.027184676",
      "momentum_3": "0.018822538",
      "momentum_5": "0.020453287",
      "momentum_10": "0.018806435",
      "dist_to_sma20_pct": "0.019450009",
      "dist_to_ema12_pct": "0.020079343",
      "bb_position": "0.021864854",
      "near_bb_upper": "0.0018755717",
      "near_bb_lower": "0.0",
      "rsi_oversold": "0.0",
      "rsi_overbought": "0.0",
      "ema12_above_ema26": "0.0",
      "ob_imbalance": "0.0",
      "ob_imbalance_5": "0.0",
      "ob_imbalance_20": "0.0",
      "hour": "0.02623705",
      "day_of_week": "0.024144894",
      "hour_sin": "0.023493707",
      "hour_cos": "0.030674402",
      "dow_sin": "0.038707197",
      "dow_cos": "0.04078156",
      "close_lag_1": "0.030151939",
      "volume_lag_1": "0.016961474",
      "price_change_lag_1": "0.0129452245",
      "close_lag_2": "0.03833785",
      "volume_lag_2": "0.017902423",
      "price_change_lag_2": "0.013015585",
      "close_lag_3": "0.025149034",
      "volume_lag_3": "0.014524042",
      "price_change_lag_3": "0.012722673"
    }
  },
  "ensemble_metrics": {
    "accuracy": 0.9444638491093259,
    "precision": 0.9493380515555672,
    "recall": 0.9444638491093259,
    "f1_score": 0.9436332213436086,
    "cv_mean": 0.3488469601677149,
    "cv_std": 0.05644982559073427,
    "cv_precision_mean": 0.3820197895686669,
    "cv_recall_mean": 0.3488469601677149,
    "cv_f1_mean": 0.33004937092996606,
    "classification_report": {
      "-1": {
        "precision": 0.8995121951219512,
        "recall": 1.0,
        "f1-score": 0.9470980996404725,
        "support": 922.0
      },
      "0": {
        "precision": 1.0,
        "recall": 0.8589174800354925,
        "f1-score": 0.9241050119331742,
        "support": 1127.0
      },
      "1": {
        "precision": 0.9356321839080459,
        "recall": 1.0,
        "f1-score": 0.9667458432304038,
        "support": 814.0
      },
      "accuracy": 0.9444638491093259,
      "macro avg": {
        "precision": 0.9450481263433325,
        "recall": 0.9529724933451642,
        "f1-score": 0.9459829849346835,
        "support": 2863.0
      },