{
  "symbols": [
    "BNBUSDT"
  ],
  "interval_display": "15m",
  "ml_mtf_enabled": false,
  "hyperparams": {},
  "rf_metrics": {
    "accuracy": 0.8428222144603563,
    "cv_mean": 0.3849056603773585,
    "cv_std": 0.03479326026955932,
    "classification_report": {
      "-1": {
        "precision": 0.6977687626774848,
        "recall": 0.9956584659913169,
        "f1-score": 0.8205128205128205,
        "support": 691.0
      },
      "0": {
        "precision": 0.997997997997998,
        "recall": 0.6976906927921623,
        "f1-score": 0.8212520593080724,
        "support": 1429.0
      },
      "1": {
        "precision": 0.8291571753986332,
        "recall": 0.9798115746971736,
        "f1-score": 0.8982109808760025,
        "support": 743.0
      },
      "accuracy": 0.8428222144603563,
      "macro avg": {
        "precision": 0.8416413120247054,
        "recall": 0.8910535778268843,
        "f1-score": 0.8466586202322984,
        "support": 2863.0
      },
      "weighted avg": {
        "precision": 0.8817188737235296,
        "recall": 0.8428222144603563,
        "f1-score": 0.8410458646582132,
        "support": 2863.0
      }
    },
    "confusion_matrix": [
      [
        688,
        2,
        1
      ],
      [
        283,
        997,
        149
      ],
      [
        15,
        0,
        728
      ]
    ],
    "feature_importance": {
      "turnover": 0.020506475233564574,
      "sma_20": 0.02764342105460024,
      "sma_50": 0.02846373262275813,
      "ema_12": 0.02689367318689314,
      "ema_26": 0.029099079775867738,
      "rsi": 0.02088898747326806,
      "atr": 0.0312325545321528,
      "atr_pct": 0.02923722749234161,
      "volume_sma_20": 0.03280738267729995,
      "volume_ratio": 0.01936172453310846,
      "bb_upper": 0.029333164250514444,
      "bb_middle": 0.028385579279373605,
      "bb_lower": 0.035579382898381993,
      "macd": 0.029345211714894393,
      "macd_signal": 0.02778440551625484,
      "adx": 0.031083332515732573,
      "di_plus": 0.024618663262865312,
      "di_minus": 0.021347064140493904,
      "adx_trend_up": 0.0011135832510306227,
      "price_change": 0.016174562687200873,
      "price_change_abs": 0.016147856258625942,
      "volatility_10": 0.03572489760745162,
      "realized_volatility_20": 0.03303620413596787,
      "momentum_3": 0.02028590678555746,
      "momentum_5": 0.025308055136449445,
      "momentum_10": 0.024494191237611557,
      "dist_to_sma20_pct": 0.024068791065451282,
      "dist_to_ema12_pct": 0.023697789470600063,
      "bb_position": 0.025143440251113133,
      "near_bb_upper": 9.382692057908306e-05,
      "near_bb_lower": 0.0,
      "rsi_oversold": 0.0004773539910504836,
      "rsi_overbought": 0.0005786716649978959,
      "ema12_above_ema26": 0.0013603811794483832,
      "ob_imbalance": 0.0,
      "ob_imbalance_5": 0.0,
      "ob_imbalance_20": 0.0,
      "hour": 0.02167207202279556,
      "day_of_week": 0.01429472161809125,
      "hour_sin": 0.017443692569099466,
      "hour_cos": 0.021863338650663543,
      "dow_sin": 0.0154454647561332,
      "dow_cos": 0.009362270255425619,
      "close_lag_1": 0.01883626490897048,
      "volume_lag_1": 0.019147189457814375,
      "price_change_lag_1": 0.016016785135217728,
      "close_lag_2": 0.018757137999511963,
      "volume_lag_2": 0.016647574354362826,
      "price_change_lag_2": 0.017517830855746284,
      "close_lag_3": 0.019470208290515198,
      "volume_lag_3": 0.016886611511532094,
      "price_change_lag_3": 0.015322263810618915
    }
  },
  "xgb_metrics": {
    "accuracy": 0.9339853300733496,
    "cv_mean": 0.39706498951781977,
    "cv_std": 0.04596122299721499,
    "classification_report": {
      "-1": {
        "precision": 0.8478527607361963,
        "recall": 1.0,
        "f1-score": 0.9176626826029216,
        "support": 691.0
      },
      "0": {
        "precision": 1.0,
        "recall": 0.867739678096571,
        "f1-score": 0.9291869614087673,
        "support": 1429.0
      },
      "1": {
        "precision": 0.9195544554455446,
        "recall": 1.0,
        "f1-score": 0.9580915538362347,
        "support": 743.0
      },
      "accuracy": 0.9339853300733496,
      "macro avg": {
        "precision": 0.9224690720605803,
        "recall": 0.9559132260321904,
        "f1-score": 0.9349803992826412,
        "support": 2863.0
      },
      "weighted avg": {
        "precision": 0.9424014034455993,
        "recall": 0.9339853300733496,
        "f1-score": 0.9339067782158819,
        "support": 2863.0
      }
    },
    "confusion_matrix": [
      [
        691,
        0,
        0
      ],
      [
        124,
        1240,
        65
      ],
      [
        0,
        0,
        743
      ]
    ],
    "feature_importance": {
      "turnover": "0.016659012",
      "sma_20": "0.01973886",
      "sma_50": "0.027654855",
      "ema_12": "0.036729418",
      "ema_26": "0.028443912",
      "rsi": "0.019940982",
      "atr": "0.021342155",
      "atr_pct": "0.03483038",
      "volume_sma_20": "0.024088252",
      "volume_ratio": "0.015176519",
      "bb_upper": "0.02380001",
      "bb_middle": "0.0",
      "bb_lower": "0.03406402",
      "macd": "0.02575002",
      "macd_signal": "0.025083857",
      "adx": "0.022957327",
      "di_plus": "0.023233872",
      "di_minus": "0.019061439",
      "adx_trend_up": "0.02377907",
      "price_change": "0.015498572",
      "price_change_abs": "0.014539261",
      "volatility_10": "0.025478957",
      "realized_volatility_20": "0.02860741",
      "momentum_3": "0.018988334",
      "momentum_5": "0.022546291",
      "momentum_10": "0.020151015",
      "dist_to_sma20_pct": "0.025523541",
      "dist_to_ema12_pct": "0.020681296",
      "bb_position": "0.028954959",
      "near_bb_upper": "0.017229056",
      "near_bb_lower": "0.0",
      "rsi_oversold": "0.0",
      "rsi_overbought": "0.0",
      "ema12_above_ema26": "0.0",
      "ob_imbalance": "0.0",
      "ob_imbalance_5": "0.0",
      "ob_imbalance_20": "0.0",
      "hour": "0.02401839",
      "day_of_week": "0.0280052",
      "hour_sin": "0.022889486",
      "hour_cos": "0.033387244",
      "dow_sin": "0.032363433",
      "dow_cos": "0.021943025",
      "close_lag_1": "0.022854757",
      "volume_lag_1": "0.01684772",
      "price_change_lag_1": "0.014871694",
      "close_lag_2": "0.02051411",
      "volume_lag_2": "0.014960511",
      "price_change_lag_2": "0.015184431",
      "close_lag_3": "0.022109246",
      "volume_lag_3": "0.015907679",
      "price_change_lag_3": "0.013610416"
    }
  },
  "ensemble_metrics": {
    "accuracy": 0.9186168354872511,
    "precision": 0.9309899917804426,
    "recall": 0.9186168354872511,
    "f1_score": 0.9184146713279125,
    "cv_mean": 0.40041928721174014,
    "cv_std": 0.04118843334253355,
    "cv_precision_mean": 0.4157033932782487,
    "cv_recall_mean": 0.40041928721174014,
    "cv_f1_mean": 0.3855446923690148,
    "classification_report": {
      "-1": {
        "precision": 0.8187203791469194,
        "recall": 1.0,
        "f1-score": 0.9003257328990228,
        "support": 691.0
      },
      "0": {
        "precision": 1.0,
        "recall": 0.8376487053883834,
        "f1-score": 0.9116527037319117,
        "support": 1429.0
      },
      "1": {
        "precision": 0.902676399026764,
        "recall": 0.9986541049798116,
        "f1-score": 0.9482428115015974,
        "support": 743.0
      },
      "accuracy": 0.9186168354872511,
      "macro avg": {
        "precision": 0.9071322593912279,
        "recall": 0.9454342701227317,
        "f1-score": 0.9200737493775106,
        "support": 2863.0
      },
      "weighted avg": {
        "precision": 0.9309899917804426,
        "recall": 0.9186168354872511,
        "f1-score": 0.9184146713279125,
        "support": 2863.0
      }
    },
    "confusion_matrix": [
      [
        691,
        0,
        0
      ],
      [
        152,
        1197,
        80
      ],
      [
        1,
        0,
        742
      ]
    ],