{
  "symbols": [
    "SOLUSDT"
  ],
  "interval_display": "1h",
  "ml_mtf_enabled": false,
  "hyperparams": {
    "training_days_15m": 30,
    "training_days_1h": 180,
    "forward_periods_15m": 5,
    "forward_periods_1h": 8,
    "threshold_pct_15m": 0.28,
    "threshold_pct_1h": 0.8,
    "min_profit_pct_15m": 0.28,
    "min_profit_pct_1h": 0.8,
    "rf_n_estimators": 120,
    "rf_max_depth": 12,
    "xgb_n_estimators": 140,
    "xgb_max_depth": 6,
    "xgb_learning_rate": 0.08
  },
  "rf_metrics": {
    "accuracy": 0.9144248608534323,
    "cv_mean": 0.36991643454038997,
    "cv_std": 0.02865969051117991,
    "classification_report": {
      "-1": {
        "precision": 0.8582398109864147,
        "recall": 0.993844049247606,
        "f1-score": 0.9210776545166403,
        "support": 1462.0
      },
      "0": {
        "precision": 0.999168744804655,
        "recall": 0.7749838813668601,
        "f1-score": 0.8729121278140886,
        "support": 1551.0
      },
      "1": {
        "precision": 0.9096045197740112,
        "recall": 0.99153194765204,
        "f1-score": 0.9488029465930018,
        "support": 1299.0
      },
      "accuracy": 0.9144248608534323,
      "macro avg": {
        "precision": 0.9223376918550269,
        "recall": 0.9201199594221688,
        "f1-score": 0.914264242974577,
        "support": 4312.0
      },
      "weighted avg": {
        "precision": 0.9244048232932743,
        "recall": 0.9144248608534323,
        "f1-score": 0.9121051179887034,
        "support": 4312.0
      }
    },
    "confusion_matrix": [
      [
        1453,
        1,
        8
      ],
      [
        229,
        1202,
        120
      ],
      [
        11,
        0,
        1288
      ]
    ],
    "feature_importance": {
      "turnover": 0.019788240784627764,
      "sma_20": 0.032469510220434525,
      "sma_50": 0.03776965302751326,
      "ema_12": 0.033565971465491194,
      "ema_26": 0.03763880426160635,
      "rsi": 0.022609007336072236,
      "atr": 0.03439320002214758,
      "atr_pct": 0.037246395752022744,
      "volume_sma_20": 0.03440079904229571,
      "volume_ratio": 0.01624621464523014,
      "bb_upper": 0.029829472089856646,
      "bb_middle": 0.0317522090383581,
      "bb_lower": 0.03304268115958173,
      "macd": 0.03308711478693766,
      "macd_signal": 0.02470341264232452,
      "adx": 0.03229289076292523,
      "di_plus": 0.03294530762343696,
      "di_minus": 0.02128850582662183,
      "adx_trend_up": 0.002686246180010321,
      "price_change": 0.013607912427837243,
      "price_change_abs": 0.013240743992169783,
      "volatility_10": 0.023323341544630994,
      "realized_volatility_20": 0.034907154465647024,
      "momentum_3": 0.01603846397188105,
      "momentum_5": 0.017903098295926075,
      "momentum_10": 0.01819621557678764,
      "dist_to_sma20_pct": 0.02092983729985175,
      "dist_to_ema12_pct": 0.01743172729983178,
      "bb_position": 0.018665701128433982,
      "near_bb_upper": 2.06375057700502e-05,
      "near_bb_lower": 5.2959312016180626e-05,
      "rsi_oversold": 0.0006146564538222184,
      "rsi_overbought": 0.0005863318680086539,
      "ema12_above_ema26": 0.0023198849529404465,
      "ob_imbalance": 0.0,
      "ob_imbalance_5": 0.0,
      "ob_imbalance_20": 0.0,
      "hour": 0.01900341939211832,
      "day_of_week": 0.017529102554746705,
      "hour_sin": 0.012269051418277234,
      "hour_cos": 0.01458632468864871,
      "dow_sin": 0.01791238447272627,
      "dow_cos": 0.01227255092208565,
      "close_lag_1": 0.028044331527339407,
      "volume_lag_1": 0.016423392377919455,
      "price_change_lag_1": 0.01264702992609065,
      "close_lag_2": 0.023745770766364128,
      "volume_lag_2": 0.014500620848777755,
      "price_change_lag_2": 0.012625460008905746,
      "close_lag_3": 0.024286878318043062,
      "volume_lag_3": 0.01715382368525132,
      "price_change_lag_3": 0.011405556329656072
    }
  },
  "xgb_metrics": {
    "accuracy": 0.9320500927643784,
    "cv_mean": 0.36852367688022286,
    "cv_std": 0.038462308394856995,
    "classification_report": {
      "-1": {
        "precision": 0.9113764927718416,
        "recall": 0.9917920656634747,
        "f1-score": 0.9498853586636096,
        "support": 1462.0
      },
      "0": {
        "precision": 0.9945609945609946,
        "recall": 0.8252740167633784,
        "f1-score": 0.9020436927413672,
        "support": 1551.0
      },
      "1": {
        "precision": 0.898884239888424,
        "recall": 0.9923017705927637,
        "f1-score": 0.9432857665568972,
        "support": 1299.0
      },
      "accuracy": 0.9320500927643784,
      "macro avg": {
        "precision": 0.93494057574042,
        "recall": 0.9364559510065389,
        "f1-score": 0.9317382726539579,
        "support": 4312.0
      },
      "weighted avg": {
        "precision": 0.9375341286205005,
        "recall": 0.9320500927643784,
        "f1-score": 0.9306888619122141,
        "support": 4312.0
      }
    },
    "confusion_matrix": [
      [
        1450,
        3,
        9
      ],
      [
        135,
        1280,
        136
      ],
      [
        6,
        4,
        1289
      ]
    ],
    "feature_importance": {
      "turnover": "0.016819596",
      "sma_20": "0.024176434",
      "sma_50": "0.03426457",
      "ema_12": "0.027965331",
      "ema_26": "0.05728278",
      "rsi": "0.021232609",
      "atr": "0.024782602",
      "atr_pct": "0.030107621",
      "volume_sma_20": "0.027753018",
      "volume_ratio": "0.013049457",
      "bb_upper": "0.028957922",
      "bb_middle": "0.0",
      "bb_lower": "0.034457456",
      "macd": "0.026031716",
      "macd_signal": "0.02224324",
      "adx": "0.02508993",
      "di_plus": "0.02858801",
      "di_minus": "0.02067451",
      "adx_trend_up": "0.017274657",
      "price_change": "0.012139548",
      "price_change_abs": "0.012499808",
      "volatility_10": "0.020686677",
      "realized_volatility_20": "0.025914729",
      "momentum_3": "0.0130277695",
      "momentum_5": "0.018411001",
      "momentum_10": "0.017535497",
      "dist_to_sma20_pct": "0.018905103",
      "dist_to_ema12_pct": "0.023033163",
      "bb_position": "0.019713042",
      "near_bb_upper": "0.0",
      "near_bb_lower": "0.0",
      "rsi_oversold": "0.0",
      "rsi_overbought": "0.018686796",
      "ema12_above_ema26": "0.0",
      "ob_imbalance": "0.0",
      "ob_imbalance_5": "0.0",
      "ob_imbalance_20": "0.0",
      "hour": "0.020010706",
      "day_of_week": "0.0341872",
      "hour_sin": "0.017608864",
      "hour_cos": "0.025647903",
      "dow_sin": "0.037675817",
      "dow_cos": "0.025687028",
      "close_lag_1": "0.039322827",
      "volume_lag_1": "0.0140151335",
      "price_change_lag_1": "0.011132355",
      "close_lag_2": "0.024573084",
      "volume_lag_2": "0.01269002",
      "price_change_lag_2": "0.011757379",
      "close_lag_3": "0.020368777",
      "volume_lag_3": "0.012595522",
      "price_change_lag_3": "0.011422885"
    }
  },
  "ensemble_metrics": {
    "accuracy": 0.9301948051948052,
    "precision": 0.9367206218780931,
    "recall": 0.9301948051948052,
    "f1_score": 0.9285484475471139,
    "cv_mean": 0.3651810584958217,
    "cv_std": 0.035708959252180775,
    "cv_precision_mean": 0.41900112172753534,
    "cv_recall_mean": 0.3651810584958217,
    "cv_f1_mean": 0.3173050014866857,
    "classification_report": {
      "-1": {
        "precision": 0.8987654320987655,
        "recall": 0.9958960328317373,
        "f1-score": 0.9448410123296561,
        "support": 1462.0
      },
      "0": {
        "precision": 0.9992082343626286,
        "recall": 0.8136686009026435,
        "f1-score": 0.8969438521677328,
        "support": 1551.0
      },
      "1": {
        "precision": 0.9048285514345696,
        "recall": 0.9953810623556582,
        "f1-score": 0.9479472140762464,
        "support": 1299.0
      },
      "accuracy": 0.9301948051948052,
      "macro avg": {
        "precision": 0.9342674059653212,