{
  "symbols": [
    "SOLUSDT"
  ],
  "interval_display": "15m",
  "ml_mtf_enabled": false,
  "hyperparams": {
    "training_days_15m": 30,
    "training_days_1h": 180,
    "forward_periods_15m": 5,
    "forward_periods_1h": 8,
    "threshold_pct_15m": 0.28,
    "threshold_pct_1h": 0.8,
    "min_profit_pct_15m": 0.28,
    "min_profit_pct_1h": 0.8,
    "rf_n_estimators": 120,
    "rf_max_depth": 12,
    "xgb_n_estimators": 140,
    "xgb_max_depth": 6,
    "xgb_learning_rate": 0.08
  },
  "rf_metrics": {
    "accuracy": 0.9735652173913043,
    "cv_mean": 0.3394572025052192,
    "cv_std": 0.034319369666863504,
    "classification_report": {
      "-1": {
        "precision": 0.9693251533742331,
        "recall": 0.9989462592202318,
        "f1-score": 0.9839128178515828,
        "support": 949.0
      },
      "0": {
        "precision": 0.9989200863930886,
        "recall": 0.9268537074148296,
        "f1-score": 0.9615384615384616,
        "support": 998.0
      },
      "1": {
        "precision": 0.9536560247167868,
        "recall": 0.9978448275862069,
        "f1-score": 0.9752501316482359,
        "support": 928.0
      },
      "accuracy": 0.9735652173913043,
      "macro avg": {
        "precision": 0.9739670881613695,
        "recall": 0.9745482647404228,
        "f1-score": 0.97356713701276,
        "support": 2875.0
      },
      "weighted avg": {
        "precision": 0.9745407331163923,
        "recall": 0.9735652173913043,
        "f1-score": 0.9733498333655999,
        "support": 2875.0
      }
    },
    "confusion_matrix": [
      [
        948,
        0,
        1
      ],
      [
        29,
        925,
        44
      ],
      [
        1,
        1,
        926
      ]
    ],
    "feature_importance": {
      "turnover": 0.019067502655218303,
      "sma_20": 0.023928155048287717,
      "sma_50": 0.0347865697376312,
      "ema_12": 0.023194575946100113,
      "ema_26": 0.023750618819223093,
      "rsi": 0.023098917869829406,
      "atr": 0.031830399972512614,
      "atr_pct": 0.031398680512046674,
      "volume_sma_20": 0.03379640536684589,
      "volume_ratio": 0.0192790645250855,
      "bb_upper": 0.025850333957289258,
      "bb_middle": 0.026361195328835806,
      "bb_lower": 0.029122895621267422,
      "macd": 0.03143733065286516,
      "macd_signal": 0.02580767676818501,
      "adx": 0.03401201978841005,
      "di_plus": 0.03221269735352247,
      "di_minus": 0.02692540467870752,
      "adx_trend_up": 0.002238256654673516,
      "price_change": 0.017334541058583564,
      "price_change_abs": 0.017429906469474087,
      "volatility_10": 0.028797169746470248,
      "realized_volatility_20": 0.035147950328445844,
      "momentum_3": 0.021029803426185614,
      "momentum_5": 0.02269534451545752,
      "momentum_10": 0.0226723430289281,
      "dist_to_sma20_pct": 0.0217153342280646,
      "dist_to_ema12_pct": 0.020824588955645786,
      "bb_position": 0.02157164023185872,
      "near_bb_upper": 4.557464509226402e-05,
      "near_bb_lower": 0.00012983123595500828,
      "rsi_oversold": 0.0006458530497111893,
      "rsi_overbought": 0.000628538189573739,
      "ema12_above_ema26": 0.0027022658722474853,
      "ob_imbalance": 0.0,
      "ob_imbalance_5": 0.0,
      "ob_imbalance_20": 0.0,
      "hour": 0.021427142916511654,
      "day_of_week": 0.010065350774359291,
      "hour_sin": 0.0215345111310328,
      "hour_cos": 0.020564132594341193,
      "dow_sin": 0.011235448254972448,
      "dow_cos": 0.00575731795997824,
      "close_lag_1": 0.019520978264216924,
      "volume_lag_1": 0.020671593193812385,
      "price_change_lag_1": 0.017949036951478738,
      "close_lag_2": 0.021594419206642332,
      "volume_lag_2": 0.02036759865037185,
      "price_change_lag_2": 0.017244333907585587,
      "close_lag_3": 0.022411153228453835,
      "volume_lag_3": 0.020059305543932426,
      "price_change_lag_3": 0.018128291184079753
    }
  },
  "xgb_metrics": {
    "accuracy": 0.9645217391304348,
    "cv_mean": 0.3590814196242171,
    "cv_std": 0.02161533044767396,
    "classification_report": {
      "-1": {
        "precision": 0.9377470355731226,
        "recall": 1.0,
        "f1-score": 0.9678735339112697,
        "support": 949.0
      },
      "0": {
        "precision": 1.0,
        "recall": 0.8997995991983968,
        "f1-score": 0.9472573839662447,
        "support": 998.0
      },
      "1": {
        "precision": 0.9595854922279793,
        "recall": 0.9978448275862069,
        "f1-score": 0.9783412572636028,
        "support": 928.0
      },
      "accuracy": 0.9645217391304348,
      "macro avg": {
        "precision": 0.965777509267034,
        "recall": 0.9658814755948679,
        "f1-score": 0.964490725047039,
        "support": 2875.0
      },
      "weighted avg": {
        "precision": 0.9664060081900724,
        "recall": 0.9645217391304348,
        "f1-score": 0.9640958398680801,
        "support": 2875.0
      }
    },
    "confusion_matrix": [
      [
        949,
        0,
        0
      ],
      [
        61,
        898,
        39
      ],
      [
        2,
        0,
        926
      ]
    ],
    "feature_importance": {
      "turnover": "0.0147583475",
      "sma_20": "0.019416058",
      "sma_50": "0.029966408",
      "ema_12": "0.027898846",
      "ema_26": "0.02545152",
      "rsi": "0.02408646",
      "atr": "0.020280415",
      "atr_pct": "0.037805423",
      "volume_sma_20": "0.027386019",
      "volume_ratio": "0.016202219",
      "bb_upper": "0.023589887",
      "bb_middle": "0.0",
      "bb_lower": "0.030327544",
      "macd": "0.024788084",
      "macd_signal": "0.023605093",
      "adx": "0.023419516",
      "di_plus": "0.026967768",
      "di_minus": "0.024901114",
      "adx_trend_up": "0.017326944",
      "price_change": "0.015605223",
      "price_change_abs": "0.014865023",
      "volatility_10": "0.025927689",
      "realized_volatility_20": "0.030033406",
      "momentum_3": "0.017452862",
      "momentum_5": "0.020607565",
      "momentum_10": "0.020323675",
      "dist_to_sma20_pct": "0.021944467",
      "dist_to_ema12_pct": "0.018463258",
      "bb_position": "0.019654583",
      "near_bb_upper": "0.01238913",
      "near_bb_lower": "0.0",
      "rsi_oversold": "0.0",
      "rsi_overbought": "0.0",
      "ema12_above_ema26": "0.02017235",
      "ob_imbalance": "0.0",
      "ob_imbalance_5": "0.0",
      "ob_imbalance_20": "0.0",
      "hour": "0.0284084",
      "day_of_week": "0.026571717",
      "hour_sin": "0.025685426",
      "hour_cos": "0.028574696",
      "dow_sin": "0.028725335",
      "dow_cos": "0.034605563",
      "close_lag_1": "0.023553776",
      "volume_lag_1": "0.015816564",
      "price_change_lag_1": "0.013409272",
      "close_lag_2": "0.019282628",
      "volume_lag_2": "0.013648402",
      "price_change_lag_2": "0.0130672315",
      "close_lag_3": "0.023287615",
      "volume_lag_3": "0.016208684",
      "price_change_lag_3": "0.013537772"
    }
  },
  "ensemble_metrics": {
    "accuracy": 0.9739130434782609,
    "precision": 0.9749211555252008,
    "recall": 0.9739130434782609,
    "f1_score": 0.9736774985413306,
    "cv_mean": 0.3665970772442589,
    "cv_std": 0.02805895217772267,
    "cv_precision_mean": 0.37317220643565996,
    "cv_recall_mean": 0.3665970772442589,
    "cv_f1_mean": 0.35672506122172143,
    "classification_report": {
      "-1": {
        "precision": 0.9566532258064516,
        "recall": 1.0,
        "f1-score": 0.9778464708912932,
        "support": 949.0
      },
      "0": {
        "precision": 1.0,
        "recall": 0.9258517034068137,
        "f1-score": 0.9614984391259105,
        "support": 998.0
      },
      "1": {
        "precision": 0.9666319082377477,
        "recall": 0.9989224137931034,
        "f1-score": 0.9825119236883942,
        "support": 928.0
      },
      "accuracy": 0.9739130434782609,
      "macro avg": {
        "precision": 0.974428378014733,
        "recall": 0.9749247057333057,