{
  "symbols": [
    "XRPUSDT"
  ],
  "interval_display": "15m",
  "ml_mtf_enabled": false,
  "hyperparams": {},
  "rf_metrics": {
    "accuracy": 0.823960880195599,
    "cv_mean": 0.32536687631027256,
    "cv_std": 0.029570897580721938,
    "classification_report": {
      "-1": {
        "precision": 0.724901185770751,
        "recall": 0.9934994582881906,
        "f1-score": 0.8382084095063985,
        "support": 923.0
      },
      "0": {
        "precision": 0.9984520123839009,
        "recall": 0.5733333333333334,
        "f1-score": 0.7284020327498588,
        "support": 1125.0
      },
      "1": {
        "precision": 0.8371848739495799,
        "recall": 0.9779141104294479,
        "f1-score": 0.9020939445387662,
        "support": 815.0
      },
      "accuracy": 0.823960880195599,
      "macro avg": {
        "precision": 0.8535126907014106,
        "recall": 0.8482489673503241,
        "f1-score": 0.8229014622650078,
        "support": 2863.0
      },
      "weighted avg": {
        "precision": 0.8643548657587143,
        "recall": 0.823960880195599,
        "f1-score": 0.8132466690943385,
        "support": 2863.0
      }
    },
    "confusion_matrix": [
      [
        917,
        0,
        6
      ],
      [
        331,
        645,
        149
      ],
      [
        17,
        1,
        797
      ]
    ],
    "feature_importance": {
      "turnover": 0.019013319562198115,
      "sma_20": 0.023683166176702308,
      "sma_50": 0.029375144851300584,
      "ema_12": 0.023966356627588704,
      "ema_26": 0.026104724210314068,
      "rsi": 0.02287188747860475,
      "atr": 0.03441464725816624,
      "atr_pct": 0.04054954335047425,
      "volume_sma_20": 0.03085835447106162,
      "volume_ratio": 0.0166535953896484,
      "bb_upper": 0.027305707790995917,
      "bb_middle": 0.026011798341064134,
      "bb_lower": 0.0273774267853969,
      "macd": 0.025647121232950945,
      "macd_signal": 0.029364280349794103,
      "adx": 0.03289698904413553,
      "di_plus": 0.027107573208314945,
      "di_minus": 0.02771072386742789,
      "adx_trend_up": 0.0022302395679521005,
      "price_change": 0.01618513436394348,
      "price_change_abs": 0.016586541328070508,
      "volatility_10": 0.027994622393611727,
      "realized_volatility_20": 0.03177392026406079,
      "momentum_3": 0.020134771187560508,
      "momentum_5": 0.02599833119829644,
      "momentum_10": 0.025026304529184133,
      "dist_to_sma20_pct": 0.020468449336834605,
      "dist_to_ema12_pct": 0.023141936437020484,
      "bb_position": 0.021908595559035036,
      "near_bb_upper": 0.0003504217920394093,
      "near_bb_lower": 0.0004841714482515485,
      "rsi_oversold": 0.0003284151353825685,
      "rsi_overbought": 0.0005598723444804576,
      "ema12_above_ema26": 0.001787255721370741,
      "ob_imbalance": 0.0,
      "ob_imbalance_5": 0.0,
      "ob_imbalance_20": 0.0,
      "hour": 0.021056141462206787,
      "day_of_week": 0.007637604594620955,
      "hour_sin": 0.016509526592958398,
      "hour_cos": 0.021173330023663266,
      "dow_sin": 0.011276792415585456,
      "dow_cos": 0.0072976522675655955,
      "close_lag_1": 0.025168512256931206,
      "volume_lag_1": 0.021726398441033624,
      "price_change_lag_1": 0.015829292134228946,
      "close_lag_2": 0.02745018956150462,
      "volume_lag_2": 0.02277044355260252,
      "price_change_lag_2": 0.014801323613325312,
      "close_lag_3": 0.026303240736246097,
      "volume_lag_3": 0.02002515922808412,
      "price_change_lag_3": 0.015103050516209162
    }
  },
  "xgb_metrics": {
    "accuracy": 0.9423681453021306,
    "cv_mean": 0.3467505241090147,
    "cv_std": 0.0324940826331196,
    "classification_report": {
      "-1": {
        "precision": 0.8996101364522417,
        "recall": 1.0,
        "f1-score": 0.9471523858388917,
        "support": 923.0
      },
      "0": {
        "precision": 1.0,
        "recall": 0.8542222222222222,
        "f1-score": 0.9213806327900288,
        "support": 1125.0
      },
      "1": {
        "precision": 0.9292237442922374,
        "recall": 0.9987730061349693,
        "f1-score": 0.9627439384979303,
        "support": 815.0
      },
      "accuracy": 0.9423681453021306,
      "macro avg": {
        "precision": 0.9429446269148264,
        "recall": 0.9509984094523972,
        "f1-score": 0.9437589857089502,
        "support": 2863.0
      },
      "weighted avg": {
        "precision": 0.9474877776959807,
        "recall": 0.9423681453021306,
        "f1-score": 0.9414639098476747,
        "support": 2863.0
      }
    },
    "confusion_matrix": [
      [
        923,
        0,
        0
      ],
      [
        102,
        961,
        62
      ],
      [
        1,
        0,
        814
      ]
    ],
    "feature_importance": {
      "turnover": "0.012545464",
      "sma_20": "0.018397523",
      "sma_50": "0.025904877",
      "ema_12": "0.020855254",
      "ema_26": "0.026150635",
      "rsi": "0.018945951",
      "atr": "0.021968938",
      "atr_pct": "0.037241474",
      "volume_sma_20": "0.024454884",
      "volume_ratio": "0.01664876",
      "bb_upper": "0.027608959",
      "bb_middle": "0.0",
      "bb_lower": "0.027137011",
      "macd": "0.022384994",
      "macd_signal": "0.026290305",
      "adx": "0.02571664",
      "di_plus": "0.022711858",
      "di_minus": "0.018043594",
      "adx_trend_up": "0.010975218",
      "price_change": "0.011840101",
      "price_change_abs": "0.01476516",
      "volatility_10": "0.019120542",
      "realized_volatility_20": "0.026478324",
      "momentum_3": "0.018455496",
      "momentum_5": "0.01750895",
      "momentum_10": "0.017397592",
      "dist_to_sma20_pct": "0.020724537",
      "dist_to_ema12_pct": "0.019019315",
      "bb_position": "0.019730274",
      "near_bb_upper": "0.028181747",
      "near_bb_lower": "0.0",
      "rsi_oversold": "0.0",
      "rsi_overbought": "0.0",
      "ema12_above_ema26": "0.03893251",
      "ob_imbalance": "0.0",
      "ob_imbalance_5": "0.0",
      "ob_imbalance_20": "0.0",
      "hour": "0.026521716",
      "day_of_week": "0.025968468",
      "hour_sin": "0.025315972",
      "hour_cos": "0.028042452",
      "dow_sin": "0.03515901",
      "dow_cos": "0.031221282",
      "close_lag_1": "0.026277829",
      "volume_lag_1": "0.015920755",
      "price_change_lag_1": "0.011547673",
      "close_lag_2": "0.03847404",
      "volume_lag_2": "0.017710153",
      "price_change_lag_2": "0.011808019",
      "close_lag_3": "0.02266714",
      "volume_lag_3": "0.014636441",
      "price_change_lag_3": "0.012592143"
    }
  },
  "ensemble_metrics": {
    "accuracy": 0.921760391198044,
    "precision": 0.9310392844037504,
    "recall": 0.921760391198044,
    "f1_score": 0.9200578063389377,
    "cv_mean": 0.35178197064989514,
    "cv_std": 0.0411969689209782,
    "cv_precision_mean": 0.37789352390919184,
    "cv_recall_mean": 0.35178197064989514,
    "cv_f1_mean": 0.3395872457360205,
    "classification_report": {
      "-1": {
        "precision": 0.862488306828812,
        "recall": 0.9989165763813651,
        "f1-score": 0.9257028112449799,
        "support": 923.0
      },
      "0": {
        "precision": 1.0,
        "recall": 0.8035555555555556,
        "f1-score": 0.8910793494332183,
        "support": 1125.0
      },
      "1": {
        "precision": 0.9134831460674158,
        "recall": 0.9975460122699387,
        "f1-score": 0.9536656891495601,
        "support": 815.0
      },
      "accuracy": 0.921760391198044,
      "macro avg": {
        "precision": 0.9253238176320759,
        "recall": 0.9333393814022864,
        "f1-score": 0.9234826166092528,
        "support": 2863.0
      },
      "weighted avg": {
        "precision": 0.9310392844037504,
        "recall": 0.921760391198044,
        "f1-score": 0.9200578063389377,
        "support": 2863.0
      }
    },