{
  "generated_at": "2026-03-20T09:25:25.449959+00:00",
  "paths": {
    "audit": "C:\\Users\\takeg\\OneDrive\\Документы\\vibecodding\\ml_bot\\logs\\decision_engine_audit.jsonl",
    "ml_settings": "C:\\Users\\takeg\\OneDrive\\Документы\\vibecodding\\ml_bot\\ml_settings.json"
  },
  "rows": 26,
  "recompute_error_vs_logged": {
    "n": 26,
    "mae": 0.12640641962525045,
    "p95": 0.16985092990644124,
    "max": 0.1726251060220516
  },
  "result": {
    "best": {
      "objective": 2.23321068949811,
      "allow": 1.3923139975660175,
      "reduce": 1.164305010294249,
      "weights": {
        "w_ml_confidence": 0.8920741317455729,
        "w_mtf_alignment": 0.6139479244766367,
        "w_atr_regime": 0.25890635973486953,
        "w_sr_proximity": 0.06510479269277258,
        "w_trend_slope": 0.008583940278635904,
        "w_history_edge": 0.37823638237783935
      },
      "metrics": {
        "n": 9.0,
        "pnl_sum": 2.1590406250000003,
        "win_rate": 0.2222222222222222,
        "profit_factor": 2.621324989962186,
        "max_dd": 0.7779236999999999
      }
    },
    "top": [
      {
        "objective": 2.23321068949811,
        "allow": 1.3923139975660175,
        "reduce": 1.164305010294249,
        "weights": {
          "w_ml_confidence": 0.8920741317455729,
          "w_mtf_alignment": 0.6139479244766367,
          "w_atr_regime": 0.25890635973486953,
          "w_sr_proximity": 0.06510479269277258,
          "w_trend_slope": 0.008583940278635904,
          "w_history_edge": 0.37823638237783935
        },
        "metrics": {
          "n": 9.0,
          "pnl_sum": 2.1590406250000003,
          "win_rate": 0.2222222222222222,
          "profit_factor": 2.621324989962186,
          "max_dd": 0.7779236999999999
        }
      },
      {
        "objective": 2.0378480847821363,
        "allow": 1.7887985233049637,
        "reduce": 1.5999726680041884,
        "weights": {
          "w_ml_confidence": 0.6896214210190929,
          "w_mtf_alignment": 1.0326801956645766,
          "w_atr_regime": 0.49997075969433213,
          "w_sr_proximity": 0.0799650851349508,
          "w_trend_slope": 0.042222944781345764,
          "w_history_edge": 0.5611081106862721
        },
        "metrics": {
          "n": 9.0,
          "pnl_sum": 1.9728089750000002,
          "win_rate": 0.2222222222222222,
          "profit_factor": 2.2997102956427242,
          "max_dd": 0.6389281
        }
      },
      {
        "objective": 1.8763020472534304,
        "allow": 1.8845161652563465,
        "reduce": 1.2791428575865573,
        "weights": {
          "w_ml_confidence": 1.3149800557483422,
          "w_mtf_alignment": 0.42232040538230337,
          "w_atr_regime": 0.5941232680223087,
          "w_sr_proximity": 1.5493427400016626,
          "w_trend_slope": 0.08397539337582971,
          "w_history_edge": 0.1673357036879008
        },
        "metrics": {
          "n": 9.0,
          "pnl_sum": 1.8537257999999999,
          "win_rate": 0.3333333333333333,
          "profit_factor": 2.0639632950686098,
          "max_dd": 1.2524383500000003
        }
      },
      {
        "objective": 1.8362336799695074,
        "allow": 1.0905107917879115,
        "reduce": 0.9321249198171977,
        "weights": {
          "w_ml_confidence": 1.3368411585544004,
          "w_mtf_alignment": 0.2587594263760316,
          "w_atr_regime": 0.03516704465767679,
          "w_sr_proximity": 0.8130124279785346,
          "w_trend_slope": 0.3167995954574326,
          "w_history_edge": 0.31733846467087606
        },
        "metrics": {
          "n": 9.0,
          "pnl_sum": 1.7943282600000001,
          "win_rate": 0.2222222222222222,
          "profit_factor": 2.057749339390145,
          "max_dd": 0.85964094
        }
      },
      {
        "objective": 1.6416618527651967,
        "allow": 1.6982560618982991,
        "reduce": 1.1837857073925477,
        "weights": {
          "w_ml_confidence": 0.8684450849305256,
          "w_mtf_alignment": 0.45931636025975303,
          "w_atr_regime": 0.3364593983742642,
          "w_sr_proximity": 1.3698943255053542,
          "w_trend_slope": 0.25886529690847576,
          "w_history_edge": 0.4787994825176824
        },
        "metrics": {
          "n": 9.0,
          "pnl_sum": 1.62563145,
          "win_rate": 0.3333333333333333,
          "profit_factor": 1.9330464053039356,
          "max_dd": 1.25243835
        }
      },
      {
        "objective": 1.6031350438992529,
        "allow": 1.9093130836794217,
        "reduce": 1.5927411767709436,
        "weights": {
          "w_ml_confidence": 1.5510840985902146,
          "w_mtf_alignment": 0.6566599644764035,
          "w_atr_regime": 1.1859674929837398,
          "w_sr_proximity": 0.30874196329553744,
          "w_trend_slope": 0.04390395033906955,
          "w_history_edge": 0.136117875631847
        },
        "metrics": {
          "n": 10.0,
          "pnl_sum": 1.5909909099999995,
          "win_rate": 0.2,
          "profit_factor": 1.837495127985068,
          "max_dd": 1.19461245
        }
      },
      {
        "objective": 1.5874922636568336,
        "allow": 1.982940547601955,
        "reduce": 1.291178044351171,
        "weights": {
          "w_ml_confidence": 1.4578497106233117,
          "w_mtf_alignment": 0.283525203161023,
          "w_atr_regime": 0.9025483481954125,
          "w_sr_proximity": 1.5391380160972399,
          "w_trend_slope": 0.2602920427267844,
          "w_history_edge": 0.4509169183255701
        },
        "metrics": {
          "n": 9.0,
          "pnl_sum": 1.57297305,
          "win_rate": 0.3333333333333333,
          "profit_factor": 1.9028226231366696,
          "max_dd": 1.25243835
        }
      },
      {
        "objective": 1.5342903214358847,
        "allow": 1.936274325707581,
        "reduce": 1.4673155942696068,
        "weights": {
          "w_ml_confidence": 1.415420832929981,
          "w_mtf_alignment": 0.46240021634108186,
          "w_atr_regime": 1.137616334512665,
          "w_sr_proximity": 0.8540436413987907,
          "w_trend_slope": 0.20054075171501037,
          "w_history_edge": 0.5672244989222903
        },
        "metrics": {
          "n": 9.0,
          "pnl_sum": 1.4895005250000004,
          "win_rate": 0.2222222222222222,
          "profit_factor": 1.9640759037176856,
          "max_dd": 0.7082799750000004
        }
      },
      {
        "objective": 1.5102891835468135,
        "allow": 1.3649871948972234,
        "reduce": 0.8928369387505726,
        "weights": {
          "w_ml_confidence": 0.8663048354657785,
          "w_mtf_alignment": 0.25558190858714464,
          "w_atr_regime": 0.45342215042920087,
          "w_sr_proximity": 1.0511081502529755,
          "w_trend_slope": 0.011869707627056596,
          "w_history_edge": 0.31281176443277664
        },
        "metrics": {
          "n": 10.0,
          "pnl_sum": 1.50684765,
          "win_rate": 0.3,
          "profit_factor": 1.721269020936268,
          "max_dd": 1.25243835
        }
      },
      {
        "objective": 1.4807175961330128,
        "allow": 1.8970316871052049,
        "reduce": 1.352893749693869,
        "weights": {
          "w_ml_confidence": 0.6432169356838555,
          "w_mtf_alignment": 0.7687934338267197,
          "w_atr_regime": 0.308701380647888,
          "w_sr_proximity": 0.9989919009870457,
          "w_trend_slope": 0.04354723336028851,
          "w_history_edge": 0.14538939654258368
        },
        "metrics": {
          "n": 11.0,
          "pnl_sum": 1.4815689125,
          "win_rate": 0.2727272727272727,
          "profit_factor": 1.7006907601602572,
          "max_dd": 1.2777170875
        }
      },
      {
        "objective": 1.4807175961330128,
        "allow": 1.7029492735130383,
        "reduce": 0.9281382488361796,
        "weights": {
          "w_ml_confidence": 1.4289455095813728,
          "w_mtf_alignment": 0.25865555701217335,