{
  "symbols": [
    "BTCUSDT"
  ],
  "interval_display": "1h",
  "ml_mtf_enabled": false,
  "hyperparams": {
    "training_days_15m": 30,
    "training_days_1h": 180,
    "forward_periods_15m": 5,
    "forward_periods_1h": 8,
    "threshold_pct_15m": 0.28,
    "threshold_pct_1h": 0.8,
    "min_profit_pct_15m": 0.28,
    "min_profit_pct_1h": 0.8,
    "rf_n_estimators": 120,
    "rf_max_depth": 12,
    "xgb_n_estimators": 140,
    "xgb_max_depth": 6,
    "xgb_learning_rate": 0.08
  },
  "rf_metrics": {
    "accuracy": 0.9151205936920223,
    "cv_mean": 0.48161559888579386,
    "cv_std": 0.05045090406091778,
    "classification_report": {
      "-1": {
        "precision": 0.7780355761794276,
        "recall": 0.9990069513406157,
        "f1-score": 0.8747826086956522,
        "support": 1007.0
      },
      "0": {
        "precision": 1.0,
        "recall": 0.8506655574043261,
        "f1-score": 0.9193077095976624,
        "support": 2404.0
      },
      "1": {
        "precision": 0.9188911704312115,
        "recall": 0.9933407325194229,
        "f1-score": 0.9546666666666667,
        "support": 901.0
      },
      "accuracy": 0.9151205936920223,
      "macro avg": {
        "precision": 0.8989755822035465,
        "recall": 0.9476710804214549,
        "f1-score": 0.9162523283199938,
        "support": 4312.0
      },
      "weighted avg": {
        "precision": 0.9312158556983314,
        "recall": 0.9151205936920223,
        "f1-score": 0.916297886710568,
        "support": 4312.0
      }
    },
    "confusion_matrix": [
      [
        1006,
        0,
        1
      ],
      [
        281,
        2045,
        78
      ],
      [
        6,
        0,
        895
      ]
    ],
    "feature_importance": {
      "turnover": 0.020445366559565192,
      "sma_20": 0.029436537271183987,
      "sma_50": 0.0357395242531269,
      "ema_12": 0.0345181952929921,
      "ema_26": 0.03522365837190665,
      "rsi": 0.022271362933597126,
      "atr": 0.029483463968473397,
      "atr_pct": 0.030099268289182638,
      "volume_sma_20": 0.030504383619954233,
      "volume_ratio": 0.017227207120951195,
      "bb_upper": 0.028415013494172227,
      "bb_middle": 0.03217340890261793,
      "bb_lower": 0.03466333967310354,
      "macd": 0.033956024767474724,
      "macd_signal": 0.02572150166921233,
      "adx": 0.03581716614539923,
      "di_plus": 0.0364603688241003,
      "di_minus": 0.026271279563414487,
      "adx_trend_up": 0.002198520688136126,
      "price_change": 0.009701497437390865,
      "price_change_abs": 0.01145916915698191,
      "volatility_10": 0.026744328726402842,
      "realized_volatility_20": 0.03197440310813111,
      "momentum_3": 0.013252043775131858,
      "momentum_5": 0.016191095867792715,
      "momentum_10": 0.018130718892851696,
      "dist_to_sma20_pct": 0.02071155199659933,
      "dist_to_ema12_pct": 0.016814412269049915,
      "bb_position": 0.018296931745880048,
      "near_bb_upper": 0.00019988135806710768,
      "near_bb_lower": 0.00012916229835498345,
      "rsi_oversold": 0.0007507250510886218,
      "rsi_overbought": 0.0006290102917860371,
      "ema12_above_ema26": 0.004214258442947005,
      "ob_imbalance": 0.0,
      "ob_imbalance_5": 0.0,
      "ob_imbalance_20": 0.0,
      "hour": 0.01716140833580637,
      "day_of_week": 0.023160331252181587,
      "hour_sin": 0.011768243708871948,
      "hour_cos": 0.014948081309646654,
      "dow_sin": 0.026634937388360966,
      "dow_cos": 0.01481608855815161,
      "close_lag_1": 0.027385357908442553,
      "volume_lag_1": 0.0183223948571874,
      "price_change_lag_1": 0.010199360078722658,
      "close_lag_2": 0.02906849836442795,
      "volume_lag_2": 0.015544586317148168,
      "price_change_lag_2": 0.00996714625282118,
      "close_lag_3": 0.02497369054803033,
      "volume_lag_3": 0.015834112291725672,
      "price_change_lag_3": 0.010390981001454613
    }
  },
  "xgb_metrics": {
    "accuracy": 0.9141929499072357,
    "cv_mean": 0.46016713091922,
    "cv_std": 0.03608935836760281,
    "classification_report": {
      "-1": {
        "precision": 0.8193653376729048,
        "recall": 1.0,
        "f1-score": 0.9007155635062611,
        "support": 1007.0
      },
      "0": {
        "precision": 1.0,
        "recall": 0.846089850249584,
        "f1-score": 0.9166291122127084,
        "support": 2404.0
      },
      "1": {
        "precision": 0.8589132507149666,
        "recall": 1.0,
        "f1-score": 0.9241025641025641,
        "support": 901.0
      },
      "accuracy": 0.9141929499072357,
      "macro avg": {
        "precision": 0.8927595294626238,
        "recall": 0.9486966167498614,
        "f1-score": 0.9138157466071779,
        "support": 4312.0
      },
      "weighted avg": {
        "precision": 0.9283352815238404,
        "recall": 0.9141929499072357,
        "f1-score": 0.9144743433364022,
        "support": 4312.0
      }
    },
    "confusion_matrix": [
      [
        1007,
        0,
        0
      ],
      [
        222,
        2034,
        148
      ],
      [
        0,
        0,
        901
      ]
    ],
    "feature_importance": {
      "turnover": "0.017415844",
      "sma_20": "0.032083616",
      "sma_50": "0.03510669",
      "ema_12": "0.04888563",
      "ema_26": "0.03281243",
      "rsi": "0.018695986",
      "atr": "0.020378973",
      "atr_pct": "0.026260465",
      "volume_sma_20": "0.021840448",
      "volume_ratio": "0.01344893",
      "bb_upper": "0.035459608",
      "bb_middle": "0.0",
      "bb_lower": "0.038715653",
      "macd": "0.024168959",
      "macd_signal": "0.020968406",
      "adx": "0.021080261",
      "di_plus": "0.02776253",
      "di_minus": "0.027397802",
      "adx_trend_up": "0.022908106",
      "price_change": "0.00944702",
      "price_change_abs": "0.011215025",
      "volatility_10": "0.022494158",
      "realized_volatility_20": "0.026450261",
      "momentum_3": "0.010169855",
      "momentum_5": "0.018643687",
      "momentum_10": "0.015226044",
      "dist_to_sma20_pct": "0.025986552",
      "dist_to_ema12_pct": "0.016536513",
      "bb_position": "0.016296685",
      "near_bb_upper": "0.0",
      "near_bb_lower": "0.0",
      "rsi_oversold": "0.0",
      "rsi_overbought": "0.0043445425",
      "ema12_above_ema26": "0.009771022",
      "ob_imbalance": "0.0",
      "ob_imbalance_5": "0.0",
      "ob_imbalance_20": "0.0",
      "hour": "0.018514743",
      "day_of_week": "0.03560584",
      "hour_sin": "0.014135297",
      "hour_cos": "0.02422124",
      "dow_sin": "0.0498348",
      "dow_cos": "0.032154016",
      "close_lag_1": "0.027927907",
      "volume_lag_1": "0.0145425005",
      "price_change_lag_1": "0.009174717",
      "close_lag_2": "0.025195535",
      "volume_lag_2": "0.012486492",
      "price_change_lag_2": "0.009012935",
      "close_lag_3": "0.03462177",
      "volume_lag_3": "0.011093312",
      "price_change_lag_3": "0.009507293"
    }
  },
  "ensemble_metrics": {
    "accuracy": 0.9274118738404453,
    "precision": 0.9388945638639069,
    "recall": 0.9274118738404453,
    "f1_score": 0.9280463019986073,
    "cv_mean": 0.4743732590529248,
    "cv_std": 0.03503110846186625,
    "cv_precision_mean": 0.451307120152092,
    "cv_recall_mean": 0.4743732590529248,
    "cv_f1_mean": 0.44219486341461894,
    "classification_report": {
      "-1": {
        "precision": 0.8147249190938511,
        "recall": 1.0,
        "f1-score": 0.8979045920641997,
        "support": 1007.0
      },
      "0": {
        "precision": 1.0,
        "recall": 0.870216306156406,
        "f1-score": 0.9306049822064056,
        "support": 2404.0
      },
      "1": {
        "precision": 0.9146341463414634,
        "recall": 0.9988901220865705,
        "f1-score": 0.9549071618037135,
        "support": 901.0
      },
      "accuracy": 0.9274118738404453,
      "macro avg": {
        "precision": 0.9097863551451049,
        "recall": 0.9563688094143256,
        "f1-score": 0.9278055786914395,