{
  "symbols": [
    "BTCUSDT"
  ],
  "interval_display": "15m",
  "ml_mtf_enabled": false,
  "hyperparams": {
    "training_days_15m": 30,
    "training_days_1h": 180,
    "forward_periods_15m": 5,
    "forward_periods_1h": 8,
    "threshold_pct_15m": 0.28,
    "threshold_pct_1h": 0.8,
    "min_profit_pct_15m": 0.28,
    "min_profit_pct_1h": 0.8,
    "rf_n_estimators": 120,
    "rf_max_depth": 12,
    "xgb_n_estimators": 140,
    "xgb_max_depth": 6,
    "xgb_learning_rate": 0.08
  },
  "rf_metrics": {
    "accuracy": 0.9638260869565217,
    "cv_mean": 0.39582463465553236,
    "cv_std": 0.05987829119770067,
    "classification_report": {
      "-1": {
        "precision": 0.8970760233918129,
        "recall": 1.0,
        "f1-score": 0.9457459926017263,
        "support": 767.0
      },
      "0": {
        "precision": 1.0,
        "recall": 0.9239290989660266,
        "f1-score": 0.9604606525911709,
        "support": 1354.0
      },
      "1": {
        "precision": 0.9791937581274383,
        "recall": 0.9986737400530504,
        "f1-score": 0.9888378200919238,
        "support": 754.0
      },
      "accuracy": 0.9638260869565217,
      "macro avg": {
        "precision": 0.9587565938397504,
        "recall": 0.9742009463396925,
        "f1-score": 0.9650148217616069,
        "support": 2875.0
      },
      "weighted avg": {
        "precision": 0.9670850099372553,
        "recall": 0.9638260869565217,
        "f1-score": 0.9639772578376627,
        "support": 2875.0
      }
    },
    "confusion_matrix": [
      [
        767,
        0,
        0
      ],
      [
        87,
        1251,
        16
      ],
      [
        1,
        0,
        753
      ]
    ],
    "feature_importance": {
      "turnover": 0.018158702697509164,
      "sma_20": 0.02429456106614159,
      "sma_50": 0.029087399487291537,
      "ema_12": 0.026530985844258344,
      "ema_26": 0.02695878663552776,
      "rsi": 0.02262969204309499,
      "atr": 0.031076015298195647,
      "atr_pct": 0.030181064271609787,
      "volume_sma_20": 0.03216313807068034,
      "volume_ratio": 0.018335541481679495,
      "bb_upper": 0.028386600917546658,
      "bb_middle": 0.026698807243762338,
      "bb_lower": 0.029272687560346133,
      "macd": 0.03326779629850037,
      "macd_signal": 0.02901176894509448,
      "adx": 0.029772925187558443,
      "di_plus": 0.030908734657889056,
      "di_minus": 0.026442062253621054,
      "adx_trend_up": 0.0033388729325214373,
      "price_change": 0.01709820425374212,
      "price_change_abs": 0.016533104602611884,
      "volatility_10": 0.02765219578324304,
      "realized_volatility_20": 0.03133425307468489,
      "momentum_3": 0.019372283572101204,
      "momentum_5": 0.022790777226071597,
      "momentum_10": 0.02207911472788995,
      "dist_to_sma20_pct": 0.02318859952110711,
      "dist_to_ema12_pct": 0.021191254067039998,
      "bb_position": 0.020591851425884912,
      "near_bb_upper": 4.875756776712408e-05,
      "near_bb_lower": 0.00014388534437891366,
      "rsi_oversold": 0.0005711016036973516,
      "rsi_overbought": 0.0003409855776569972,
      "ema12_above_ema26": 0.0016751232705379396,
      "ob_imbalance": 0.0,
      "ob_imbalance_5": 0.0,
      "ob_imbalance_20": 0.0,
      "hour": 0.021205096731725822,
      "day_of_week": 0.01290700108872253,
      "hour_sin": 0.02358564322232414,
      "hour_cos": 0.020465527598809277,
      "dow_sin": 0.01319529793239497,
      "dow_cos": 0.008486607601172407,
      "close_lag_1": 0.02183578360937302,
      "volume_lag_1": 0.021051550829735543,
      "price_change_lag_1": 0.01567687205221561,
      "close_lag_2": 0.0223108246019312,
      "volume_lag_2": 0.01961296848992287,
      "price_change_lag_2": 0.01640725317172026,
      "close_lag_3": 0.02309771110047625,
      "volume_lag_3": 0.0210838004422731,
      "price_change_lag_3": 0.01795042701595941
    }
  },
  "xgb_metrics": {
    "accuracy": 0.9516521739130435,
    "cv_mean": 0.38455114822546976,
    "cv_std": 0.053786096303581304,
    "classification_report": {
      "-1": {
        "precision": 0.9034157832744405,
        "recall": 1.0,
        "f1-score": 0.9492574257425742,
        "support": 767.0
      },
      "0": {
        "precision": 0.9991783073130649,
        "recall": 0.8980797636632201,
        "f1-score": 0.9459354336833917,
        "support": 1354.0
      },
      "1": {
        "precision": 0.930778739184178,
        "recall": 0.9986737400530504,
        "f1-score": 0.963531669865643,
        "support": 754.0
      },
      "accuracy": 0.9516521739130435,
      "macro avg": {
        "precision": 0.9444576099238944,
        "recall": 0.9655845012387568,
        "f1-score": 0.9529081764305363,
        "support": 2875.0
      },
      "weighted avg": {
        "precision": 0.9556920011193933,
        "recall": 0.9516521739130435,
        "f1-score": 0.9514364875932388,
        "support": 2875.0
      }
    },
    "confusion_matrix": [
      [
        767,
        0,
        0
      ],
      [
        82,
        1216,
        56
      ],
      [
        0,
        1,
        753
      ]
    ],
    "feature_importance": {
      "turnover": "0.014320337",
      "sma_20": "0.02250295",
      "sma_50": "0.02620258",
      "ema_12": "0.023956323",
      "ema_26": "0.03809763",
      "rsi": "0.020386674",
      "atr": "0.024634829",
      "atr_pct": "0.027675765",
      "volume_sma_20": "0.023014016",
      "volume_ratio": "0.014971633",
      "bb_upper": "0.02961423",
      "bb_middle": "0.0",
      "bb_lower": "0.03019483",
      "macd": "0.028159928",
      "macd_signal": "0.023513619",
      "adx": "0.022989005",
      "di_plus": "0.025314694",
      "di_minus": "0.020025168",
      "adx_trend_up": "0.022027874",
      "price_change": "0.011243251",
      "price_change_abs": "0.01386224",
      "volatility_10": "0.024349874",
      "realized_volatility_20": "0.028048161",
      "momentum_3": "0.016515194",
      "momentum_5": "0.02086107",
      "momentum_10": "0.01860011",
      "dist_to_sma20_pct": "0.020918313",
      "dist_to_ema12_pct": "0.022253357",
      "bb_position": "0.021872249",
      "near_bb_upper": "0.015747566",
      "near_bb_lower": "0.0",
      "rsi_oversold": "0.0",
      "rsi_overbought": "0.0",
      "ema12_above_ema26": "0.0086314995",
      "ob_imbalance": "0.0",
      "ob_imbalance_5": "0.0",
      "ob_imbalance_20": "0.0",
      "hour": "0.024669372",
      "day_of_week": "0.034620285",
      "hour_sin": "0.029861193",
      "hour_cos": "0.026026096",
      "dow_sin": "0.030070677",
      "dow_cos": "0.031354602",
      "close_lag_1": "0.022226669",
      "volume_lag_1": "0.017121423",
      "price_change_lag_1": "0.013106819",
      "close_lag_2": "0.028712993",
      "volume_lag_2": "0.014705452",
      "price_change_lag_2": "0.013488577",
      "close_lag_3": "0.025143307",
      "volume_lag_3": "0.015382019",
      "price_change_lag_3": "0.013005592"
    }
  },
  "ensemble_metrics": {
    "accuracy": 0.969391304347826,
    "precision": 0.9713055925595706,
    "recall": 0.969391304347826,
    "f1_score": 0.9693727781006123,
    "cv_mean": 0.3933194154488518,
    "cv_std": 0.05942529227442904,
    "cv_precision_mean": 0.4079853488699151,
    "cv_recall_mean": 0.3933194154488518,
    "cv_f1_mean": 0.37493797316131994,
    "classification_report": {
      "-1": {
        "precision": 0.9252110977080821,
        "recall": 1.0,
        "f1-score": 0.9611528822055138,
        "support": 767.0
      },
      "0": {
        "precision": 1.0,
        "recall": 0.9350073855243722,
        "f1-score": 0.966412213740458,
        "support": 1354.0
      },
      "1": {
        "precision": 0.9666666666666667,
        "recall": 1.0,
        "f1-score": 0.9830508474576272,
        "support": 754.0
      },
      "accuracy": 0.969391304347826,
      "macro avg": {
        "precision": 0.963959254791583,
        "recall": 0.9783357951747907,
        "f1-score": 0.9702053144678663,