{
  "symbols": [
    "BTCUSDT"
  ],
  "interval_display": "1h",
  "ml_mtf_enabled": false,
  "hyperparams": {
    "training_days_15m": 30,
    "training_days_1h": 180,
    "forward_periods_15m": 5,
    "forward_periods_1h": 8,
    "threshold_pct_15m": 0.28,
    "threshold_pct_1h": 0.8,
    "min_profit_pct_15m": 0.28,
    "min_profit_pct_1h": 0.8,
    "rf_n_estimators": 120,
    "rf_max_depth": 12,
    "xgb_n_estimators": 140,
    "xgb_max_depth": 6,
    "xgb_learning_rate": 0.08
  },
  "rf_metrics": {
    "accuracy": 0.9250927643784786,
    "cv_mean": 0.4818941504178273,
    "cv_std": 0.05070097013094852,
    "classification_report": {
      "-1": {
        "precision": 0.793538219070134,
        "recall": 1.0,
        "f1-score": 0.8848857644991213,
        "support": 1007.0
      },
      "0": {
        "precision": 1.0,
        "recall": 0.867720465890183,
        "f1-score": 0.9291759465478842,
        "support": 2404.0
      },
      "1": {
        "precision": 0.9362591431556949,
        "recall": 0.9944506104328524,
        "f1-score": 0.9644779332615716,
        "support": 901.0
      },
      "accuracy": 0.9250927643784786,
      "macro avg": {
        "precision": 0.9099324540752763,
        "recall": 0.9540570254410118,
        "f1-score": 0.9261798814361923,
        "support": 4312.0
      },
      "weighted avg": {
        "precision": 0.9384653234199689,
        "recall": 0.9250927643784786,
        "f1-score": 0.9262090812199454,
        "support": 4312.0
      }
    },
    "confusion_matrix": [
      [
        1007,
        0,
        0
      ],
      [
        257,
        2086,
        61
      ],
      [
        5,
        0,
        896
      ]
    ],
    "feature_importance": {
      "turnover": 0.021003575151697176,
      "sma_20": 0.03333884209175188,
      "sma_50": 0.034905790080610004,
      "ema_12": 0.035403762388789436,
      "ema_26": 0.031199909446670945,
      "rsi": 0.02268767161901636,
      "atr": 0.029745604717220795,
      "atr_pct": 0.028638848166809665,
      "volume_sma_20": 0.027417354122740153,
      "volume_ratio": 0.018130384776655954,
      "bb_upper": 0.0334333779771281,
      "bb_middle": 0.030213267492964376,
      "bb_lower": 0.03625934843960953,
      "macd": 0.0363104210175337,
      "macd_signal": 0.026265750414614215,
      "adx": 0.03528253310852742,
      "di_plus": 0.033786040677206225,
      "di_minus": 0.02723114069220173,
      "adx_trend_up": 0.002295901957705927,
      "price_change": 0.01053663217818703,
      "price_change_abs": 0.011048541858630734,
      "volatility_10": 0.024971969469129093,
      "realized_volatility_20": 0.029759261790260522,
      "momentum_3": 0.013234617620191094,
      "momentum_5": 0.017962896042084054,
      "momentum_10": 0.018379341803268223,
      "dist_to_sma20_pct": 0.02151134871875881,
      "dist_to_ema12_pct": 0.015402335717752317,
      "bb_position": 0.01697475243337402,
      "near_bb_upper": 0.00011548372557613827,
      "near_bb_lower": 0.00024547804267154646,
      "rsi_oversold": 0.0005712121426409953,
      "rsi_overbought": 0.000841903838321825,
      "ema12_above_ema26": 0.003945156483987779,
      "ob_imbalance": 0.0,
      "ob_imbalance_5": 0.0,
      "ob_imbalance_20": 0.0,
      "hour": 0.018772245670485986,
      "day_of_week": 0.022342045962540847,
      "hour_sin": 0.011894814175230176,
      "hour_cos": 0.013422247267291486,
      "dow_sin": 0.028913978752957658,
      "dow_cos": 0.013473897288286582,
      "close_lag_1": 0.027175276801435246,
      "volume_lag_1": 0.01850331502686139,
      "price_change_lag_1": 0.010394881610363093,
      "close_lag_2": 0.02982808395825187,
      "volume_lag_2": 0.015111458343580846,
      "price_change_lag_2": 0.010040253715849086,
      "close_lag_3": 0.025918243717086967,
      "volume_lag_3": 0.015185761397791804,
      "price_change_lag_3": 0.009973040107699175
    }
  },
  "xgb_metrics": {
    "accuracy": 0.9056122448979592,
    "cv_mean": 0.4623955431754874,
    "cv_std": 0.04299088940550523,
    "classification_report": {
      "-1": {
        "precision": 0.8101367658889783,
        "recall": 1.0,
        "f1-score": 0.8951111111111111,
        "support": 1007.0
      },
      "0": {
        "precision": 1.0,
        "recall": 0.8306988352745425,
        "f1-score": 0.9075210179504658,
        "support": 2404.0
      },
      "1": {
        "precision": 0.8404850746268657,
        "recall": 1.0,
        "f1-score": 0.9133299543841865,
        "support": 901.0
      },
      "accuracy": 0.9056122448979592,
      "macro avg": {
        "precision": 0.8835406135052813,
        "recall": 0.9435662784248474,
        "f1-score": 0.9053206944819211,
        "support": 4312.0
      },
      "weighted avg": {
        "precision": 0.9223294933879886,
        "recall": 0.9056122448979592,
        "f1-score": 0.9058366662666885,
        "support": 4312.0
      }
    },
    "confusion_matrix": [
      [
        1007,
        0,
        0
      ],
      [
        236,
        1997,
        171
      ],
      [
        0,
        0,
        901
      ]
    ],
    "feature_importance": {
      "turnover": "0.015769891",
      "sma_20": "0.030235989",
      "sma_50": "0.038209874",
      "ema_12": "0.052465282",
      "ema_26": "0.029253427",
      "rsi": "0.019268714",
      "atr": "0.018541645",
      "atr_pct": "0.027832545",
      "volume_sma_20": "0.019586938",
      "volume_ratio": "0.0139893675",
      "bb_upper": "0.033805393",
      "bb_middle": "0.0",
      "bb_lower": "0.03686906",
      "macd": "0.028133433",
      "macd_signal": "0.020083068",
      "adx": "0.024038944",
      "di_plus": "0.028413353",
      "di_minus": "0.024279287",
      "adx_trend_up": "0.021778194",
      "price_change": "0.008543175",
      "price_change_abs": "0.012203491",
      "volatility_10": "0.02352444",
      "realized_volatility_20": "0.024214376",
      "momentum_3": "0.0093536405",
      "momentum_5": "0.018555937",
      "momentum_10": "0.013525334",
      "dist_to_sma20_pct": "0.025331037",
      "dist_to_ema12_pct": "0.015365676",
      "bb_position": "0.01520467",
      "near_bb_upper": "0.02462048",
      "near_bb_lower": "0.0",
      "rsi_oversold": "0.0",
      "rsi_overbought": "0.007650718",
      "ema12_above_ema26": "0.0",
      "ob_imbalance": "0.0",
      "ob_imbalance_5": "0.0",
      "ob_imbalance_20": "0.0",
      "hour": "0.017923163",
      "day_of_week": "0.035292726",
      "hour_sin": "0.01376933",
      "hour_cos": "0.022501571",
      "dow_sin": "0.04781163",
      "dow_cos": "0.03058176",
      "close_lag_1": "0.030154636",
      "volume_lag_1": "0.013330431",
      "price_change_lag_1": "0.009499318",
      "close_lag_2": "0.026495406",
      "volume_lag_2": "0.012127594",
      "price_change_lag_2": "0.009253856",
      "close_lag_3": "0.030068606",
      "volume_lag_3": "0.0121616945",
      "price_change_lag_3": "0.008380868"
    }
  },
  "ensemble_metrics": {
    "accuracy": 0.9250927643784786,
    "precision": 0.93677704126205,
    "recall": 0.9250927643784786,
    "f1_score": 0.92562786497116,
    "cv_mean": 0.47465181058495814,
    "cv_std": 0.03628020090287451,
    "cv_precision_mean": 0.4685194207529838,
    "cv_recall_mean": 0.47465181058495814,
    "cv_f1_mean": 0.4462641984118282,
    "classification_report": {
      "-1": {
        "precision": 0.818034118602762,
        "recall": 1.0,
        "f1-score": 0.8999106344950849,
        "support": 1007.0
      },
      "0": {
        "precision": 1.0,
        "recall": 0.8664725457570716,
        "f1-score": 0.9284599955426789,
        "support": 2404.0
      },
      "1": {
        "precision": 0.9008016032064128,
        "recall": 0.9977802441731409,
        "f1-score": 0.94681411269089,
        "support": 901.0
      },
      "accuracy": 0.9250927643784786,
      "macro avg": {
        "precision": 0.9062785739363916,
        "recall": 0.9547509299767375,
        "f1-score": 0.9250615809095514,